<?xml version="1.0"?>
<jmslscoredoc>
<!-- Saved document from JMSL's programmable music notation editor. Java Music Specification Language by Nick Didkovsky & Phil Burk, available from: http://www.algomusic.com -->
<score NAME="JMSLMaxScore-53" SUBTITLE="" COMPOSER="" COPYRIGHT="" WIDTH="1000" HEIGHT="1000" STAFFS="2" NUMTRACKSPERSTAFF="2" InstrumentNamesVisible="false" TempoVisible="true" StaffNumbersVisible="true" MeasureNumbersVisible="true" SectionBracketsVisible="true" TimeSignaturesVisible="true" KeySignaturesVisible="true" ClefsVisible="true" ScoreTitleVisible="false" CourtesyClefsVisible="false" MeasureNumberOffset="1" LeftMargin="20.0" RightMargin="20.0" TopMargin="15.0" BottomMargin="15.0" TopMarginOfFirstPage="60.0" DrawAllMeasureNumbers="false" TextFontScaler="1.5" ScoreSubtitleFontScaler="2.0" ScoreTitleFontScaler="4.0" TimesigFontScaler="2.5" MeasureNumberFontScaler="1.5" TextFontName="SansSerif" ScoreSubtitleFontName="Serif" ScoreTitleFontName="Serif" TimesigFontName="Serif" MeasureNumberFontName="SansSerif" FirstSystemIndent="0.0" >
<ScoreAnnotation CLASSNAME="com.softsynth.jmsl.score.ScoreAnnotation" Annotation="" >
</ScoreAnnotation>
<orchestra CLASSNAME="com.softsynth.jmsl.score.Orchestra" >
<jmslscoreinstrument CLASSNAME="com.algomusic.max.MaxScoreInstrument" InsIndex="0" EditEnabled="true" Name="MaxScoreIns-0" MixerClassName="com.softsynth.jmsl.NullMixer" Transposition="0.0" >
<dim index="4" defaultvalue="0.0" lowlimit="0.0" highlimit="3.0" name="EventFlag" />
</jmslscoreinstrument>
<jmslscoreinstrument CLASSNAME="com.algomusic.max.MaxScoreInstrument" InsIndex="1" EditEnabled="true" Name="MaxScoreIns-1" MixerClassName="com.softsynth.jmsl.NullMixer" Transposition="0.0" >
<dim index="4" defaultvalue="0.0" lowlimit="0.0" highlimit="3.0" name="EventFlag" />
</jmslscoreinstrument>
</orchestra>
<mixerpanelsettings >
<panamppair FADERINDEX="0" PAN="0.5" AMP="0.5" />
<panamppair FADERINDEX="1" PAN="0.5" AMP="0.5" />
</mixerpanelsettings>
<staffspacing INDEX="0" ABOVE="72.0" BELOW="72.0" />
<staffspacing INDEX="1" ABOVE="72.0" BELOW="72.0" />
<scoresection NAME="A" START="0" END="6" />
<scoresection NAME="B" START="0" END="0" />
<scoresection NAME="C" START="0" END="0" />
<scoresection NAME="D" START="0" END="0" />
<scoresection NAME="E" START="0" END="0" />
<scoresection NAME="F" START="0" END="0" />
<scoresection NAME="G" START="0" END="0" />
<scoresection NAME="H" START="0" END="0" />
<scoresection NAME="I" START="0" END="0" />
<scoresection NAME="J" START="0" END="0" />
<scoresection NAME="K" START="0" END="0" />
<scoresection NAME="L" START="0" END="0" />
<scoresection NAME="M" START="0" END="0" />
<scoresection NAME="N" START="0" END="0" />
<scoresection NAME="O" START="0" END="0" />
<scoresection NAME="P" START="0" END="0" />
<scoresection NAME="Q" START="0" END="0" />
<scoresection NAME="R" START="0" END="0" />
<scoresection NAME="S" START="0" END="0" />
<scoresection NAME="T" START="0" END="0" />
<scoresection NAME="U" START="0" END="0" />
<scoresection NAME="V" START="0" END="0" />
<scoresection NAME="W" START="0" END="0" />
<scoresection NAME="X" START="0" END="0" />
<scoresection NAME="Y" START="0" END="0" />
<scoresection NAME="Z" START="0" END="0" />
<measure WIDTH="1070" WIDTHSETBYHAND="false" TIMESIG="6 8" TIMESIGSETBYHAND="false" TEMPO="60.0" TEMPOSETBYHAND="false" REPEATSTART="false" REPEATEND="false" NUMREPEATS="1" BARLINE="SINGLE" MEASURETEXT="" MEASURETEXTX="48" MEASURETEXTY="48" >
<staff INDEX="0" CLEF="0" CLEFSETBYHAND="false" INSTRUMENTINDEX="0" INSINDEXSETBYHAND="false" KEYSIGTYPE="0" KEYSIGNUMACC="0" KEYSIGSETBYHAND="false" EXTENDEDLINESABOVE="0" EXTENDEDLINESBELOW="0" >
<track INDEX="0" >
<note NOTEDUR="5" TUPLET="9" DOTS="0" ACCINFO="0" DURATION="0.11111" PITCH="76.0" VELOCITY="0.5" HOLD="0.0" BEAMEDOUT="true" GLISSOUT="false" TIEDOUT="false" ACCPREF="0" ACCVISPOLICY="0" ALTENHARMONIC="false" DYN="0" SLUROUT="false" ISGRACENOTE="false" WEDGE="none" OTTAVA="none" MARK="0" TEXTOFFSETX="0" TEXTOFFSETY="0" NOTEHEAD="0" VISIBLE="true" NOTEHEADVISIBLE="true" STEMVISIBLE="true" OVERRIDELEVEL="-1" ISOVERRIDELEVEL="false" STEMINFOOVERRIDE="false" STEMINFO="2" TEXT="" >
<dim index="4" value="0.0" name="EventFlag" />
</note>
<note NOTEDUR="5" TUPLET="9" DOTS="0" ACCINFO="0" DURATION="0.11111" PITCH="76.0" VELOCITY="0.5" HOLD="0.0" BEAMEDOUT="true" GLISSOUT="false" TIEDOUT="false" ACCPREF="0" ACCVISPOLICY="0" ALTENHARMONIC="false" DYN="0" SLUROUT="false" ISGRACENOTE="false" WEDGE="none" OTTAVA="none" MARK="0" TEXTOFFSETX="0" TEXTOFFSETY="0" NOTEHEAD="0" VISIBLE="true" NOTEHEADVISIBLE="true" STEMVISIBLE="true" OVERRIDELEVEL="-1" ISOVERRIDELEVEL="false" STEMINFOOVERRIDE="false" STEMINFO="2" TEXT="" >
<dim index="4" value="0.0" name="EventFlag" />
</note>
<note NOTEDUR="5" TUPLET="9" DOTS="0" ACCINFO="0" DURATION="0.11111" PITCH="76.0" VELOCITY="0.5" HOLD="0.0" BEAMEDOUT="true" GLISSOUT="false" TIEDOUT="false" ACCPREF="0" ACCVISPOLICY="0" ALTENHARMONIC="false" DYN="0" SLUROUT="false" ISGRACENOTE="false" WEDGE="none" OTTAVA="none" MARK="0" TEXTOFFSETX="0" TEXTOFFSETY="0" NOTEHEAD="0" VISIBLE="true" NOTEHEADVISIBLE="true" STEMVISIBLE="true" OVERRIDELEVEL="-1" ISOVERRIDELEVEL="false" STEMINFOOVERRIDE="false" STEMINFO="2" TEXT="" >
<dim index="4" value="0.0" name="EventFlag" />
</note>
<note NOTEDUR="5" TUPLET="9" DOTS="0" ACCINFO="0" DURATION="0.11111" PITCH="76.0" VELOCITY="0.5" HOLD="0.0" BEAMEDOUT="true" GLISSOUT="false" TIEDOUT="false" ACCPREF="0" ACCVISPOLICY="0" ALTENHARMONIC="false" DYN="0" SLUROUT="false" ISGRACENOTE="false" WEDGE="none" OTTAVA="none" MARK="0" TEXTOFFSETX="0" TEXTOFFSETY="0" NOTEHEAD="0" VISIBLE="true" NOTEHEADVISIBLE="true" STEMVISIBLE="true" OVERRIDELEVEL="-1" ISOVERRIDELEVEL="false" STEMINFOOVERRIDE="false" STEMINFO="2" TEXT="" >
<dim index="4" value="0.0" name="EventFlag" />
</note>
<note NOTEDUR="5" TUPLET="9" DOTS="0" ACCINFO="0" DURATION="0.11111" PITCH="76.0" VELOCITY="0.5" HOLD="0.0" BEAMEDOUT="true" GLISSOUT="false" TIEDOUT="false" ACCPREF="0" ACCVISPOLICY="0" ALTENHARMONIC="false" DYN="0" SLUROUT="false" ISGRACENOTE="false" WEDGE="none" OTTAVA="none" MARK="0" TEXTOFFSETX="0" TEXTOFFSETY="0" NOTEHEAD="0" VISIBLE="true" NOTEHEADVISIBLE="true" STEMVISIBLE="true" OVERRIDELEVEL="-1" ISOVERRIDELEVEL="false" STEMINFOOVERRIDE="false" STEMINFO="2" TEXT="" >
<dim index="4" value="0.0" name="EventFlag" />
</note>
<note NOTEDUR="5" TUPLET="9" DOTS="0" ACCINFO="0" DURATION="0.11111" PITCH="76.0" VELOCITY="0.5" HOLD="0.0" BEAMEDOUT="true" GLISSOUT="false" TIEDOUT="false" ACCPREF="0" ACCVISPOLICY="0" ALTENHARMONIC="false" DYN="0" SLUROUT="false" ISGRACENOTE="false" WEDGE="none" OTTAVA="none" MARK="0" TEXTOFFSETX="0" TEXTOFFSETY="0" NOTEHEAD="0" VISIBLE="true" NOTEHEADVISIBLE="true" STEMVISIBLE="true" OVERRIDELEVEL="-1" ISOVERRIDELEVEL="false" STEMINFOOVERRIDE="false" STEMINFO="2" TEXT="" >
<dim index="4" value="0.0" name="EventFlag" />
</note>
<note NOTEDUR="5" TUPLET="9" DOTS="0" ACCINFO="0" DURATION="0.11111" PITCH="76.0" VELOCITY="0.5" HOLD="0.0" BEAMEDOUT="true" GLISSOUT="false" TIEDOUT="false" ACCPREF="0" ACCVISPOLICY="0" ALTENHARMONIC="false" DYN="0" SLUROUT="false" ISGRACENOTE="false" WEDGE="none" OTTAVA="none" MARK="0" TEXTOFFSETX="0" TEXTOFFSETY="0" NOTEHEAD="0" VISIBLE="true" NOTEHEADVISIBLE="true" STEMVISIBLE="true" OVERRIDELEVEL="-1" ISOVERRIDELEVEL="false" STEMINFOOVERRIDE="false" STEMINFO="2" TEXT="" >
<dim index="4" value="0.0" name="EventFlag" />
</note>
<note NOTEDUR="5" TUPLET="9" DOTS="0" ACCINFO="0" DURATION="0.11111" PITCH="76.0" VELOCITY="0.5" HOLD="0.0" BEAMEDOUT="true" GLISSOUT="false" TIEDOUT="false" ACCPREF="0" ACCVISPOLICY="0" ALTENHARMONIC="false" DYN="0" SLUROUT="false" ISGRACENOTE="false" WEDGE="none" OTTAVA="none" MARK="0" TEXTOFFSETX="0" TEXTOFFSETY="0" NOTEHEAD="0" VISIBLE="true" NOTEHEADVISIBLE="true" STEMVISIBLE="true" OVERRIDELEVEL="-1" ISOVERRIDELEVEL="false" STEMINFOOVERRIDE="false" STEMINFO="2" TEXT="" >
<dim index="4" value="0.0" name="EventFlag" />
</note>
<note NOTEDUR="5" TUPLET="9" DOTS="0" ACCINFO="0" DURATION="0.11111" PITCH="76.0" VELOCITY="0.5" HOLD="0.0" BEAMEDOUT="false" GLISSOUT="false" TIEDOUT="false" ACCPREF="0" ACCVISPOLICY="0" ALTENHARMONIC="false" DYN="0" SLUROUT="false" ISGRACENOTE="false" WEDGE="none" OTTAVA="none" MARK="0" TEXTOFFSETX="0" TEXTOFFSETY="0" NOTEHEAD="0" VISIBLE="true" NOTEHEADVISIBLE="true" STEMVISIBLE="true" OVERRIDELEVEL="-1" ISOVERRIDELEVEL="false" STEMINFOOVERRIDE="false" STEMINFO="2" TEXT="" >
<dim index="4" value="0.0" name="EventFlag" />
</note>
<note NOTEDUR="3" TUPLET="0" DOTS="0" ACCINFO="0" DURATION="0.5" PITCH="88.0" VELOCITY="0.5" HOLD="0.0" BEAMEDOUT="false" GLISSOUT="false" TIEDOUT="false" ACCPREF="0" ACCVISPOLICY="0" ALTENHARMONIC="false" DYN="0" SLUROUT="false" ISGRACENOTE="false" WEDGE="none" OTTAVA="none" MARK="0" TEXTOFFSETX="0" TEXTOFFSETY="0" NOTEHEAD="0" VISIBLE="true" NOTEHEADVISIBLE="true" STEMVISIBLE="true" OVERRIDELEVEL="-1" ISOVERRIDELEVEL="false" STEMINFOOVERRIDE="false" STEMINFO="2" TEXT="" >
<dim index="4" value="0.0" name="EventFlag" />
</note>
<note NOTEDUR="3" TUPLET="0" DOTS="0" ACCINFO="0" DURATION="0.5" PITCH="88.0" VELOCITY="0.5" HOLD="0.0" BEAMEDOUT="false" GLISSOUT="false" TIEDOUT="false" ACCPREF="0" ACCVISPOLICY="0" ALTENHARMONIC="false" DYN="0" SLUROUT="false" ISGRACENOTE="false" WEDGE="none" OTTAVA="none" MARK="0" TEXTOFFSETX="0" TEXTOFFSETY="0" NOTEHEAD="0" VISIBLE="true" NOTEHEADVISIBLE="true" STEMVISIBLE="true" OVERRIDELEVEL="-1" ISOVERRIDELEVEL="false" STEMINFOOVERRIDE="false" STEMINFO="2" TEXT="" >
<dim index="4" value="0.0" name="EventFlag" />
</note>
<note NOTEDUR="4" TUPLET="0" DOTS="0" ACCINFO="0" DURATION="0.25" PITCH="76.0" VELOCITY="0.5" HOLD="0.0" BEAMEDOUT="true" GLISSOUT="false" TIEDOUT="false" ACCPREF="0" ACCVISPOLICY="0" ALTENHARMONIC="false" DYN="0" SLUROUT="false" ISGRACENOTE="false" WEDGE="none" OTTAVA="none" MARK="0" TEXTOFFSETX="0" TEXTOFFSETY="0" NOTEHEAD="0" VISIBLE="true" NOTEHEADVISIBLE="true" STEMVISIBLE="true" OVERRIDELEVEL="-1" ISOVERRIDELEVEL="false" STEMINFOOVERRIDE="false" STEMINFO="2" TEXT="" >
<dim index="4" value="0.0" name="EventFlag" />
</note>
<note NOTEDUR="4" TUPLET="0" DOTS="0" ACCINFO="0" DURATION="0.25" PITCH="76.0" VELOCITY="0.5" HOLD="0.0" BEAMEDOUT="false" GLISSOUT="false" TIEDOUT="false" ACCPREF="0" ACCVISPOLICY="0" ALTENHARMONIC="false" DYN="0" SLUROUT="false" ISGRACENOTE="false" WEDGE="none" OTTAVA="none" MARK="0" TEXTOFFSETX="0" TEXTOFFSETY="0" NOTEHEAD="0" VISIBLE="true" NOTEHEADVISIBLE="true" STEMVISIBLE="true" OVERRIDELEVEL="-1" ISOVERRIDELEVEL="false" STEMINFOOVERRIDE="false" STEMINFO="2" TEXT="" >
<dim index="4" value="0.0" name="EventFlag" />
</note>
<note NOTEDUR="4" TUPLET="0" DOTS="0" ACCINFO="0" DURATION="0.25" PITCH="76.0" VELOCITY="0.5" HOLD="0.0" BEAMEDOUT="true" GLISSOUT="false" TIEDOUT="false" ACCPREF="0" ACCVISPOLICY="0" ALTENHARMONIC="false" DYN="0" SLUROUT="false" ISGRACENOTE="false" WEDGE="none" OTTAVA="none" MARK="0" TEXTOFFSETX="0" TEXTOFFSETY="0" NOTEHEAD="0" VISIBLE="true" NOTEHEADVISIBLE="true" STEMVISIBLE="true" OVERRIDELEVEL="-1" ISOVERRIDELEVEL="false" STEMINFOOVERRIDE="false" STEMINFO="2" TEXT="" >
<dim index="4" value="0.0" name="EventFlag" />
</note>
<note NOTEDUR="4" TUPLET="0" DOTS="0" ACCINFO="0" DURATION="0.25" PITCH="76.0" VELOCITY="0.5" HOLD="0.0" BEAMEDOUT="false" GLISSOUT="false" TIEDOUT="false" ACCPREF="0" ACCVISPOLICY="0" ALTENHARMONIC="false" DYN="0" SLUROUT="false" ISGRACENOTE="false" WEDGE="none" OTTAVA="none" MARK="0" TEXTOFFSETX="0" TEXTOFFSETY="0" NOTEHEAD="0" VISIBLE="true" NOTEHEADVISIBLE="true" STEMVISIBLE="true" OVERRIDELEVEL="-1" ISOVERRIDELEVEL="false" STEMINFOOVERRIDE="false" STEMINFO="2" TEXT="" >
<dim index="4" value="0.0" name="EventFlag" />
</note>
</track>
<track INDEX="1" >
</track>
</staff>
<staff INDEX="1" CLEF="0" CLEFSETBYHAND="false" INSTRUMENTINDEX="1" INSINDEXSETBYHAND="false" KEYSIGTYPE="0" KEYSIGNUMACC="0" KEYSIGSETBYHAND="false" EXTENDEDLINESABOVE="0" EXTENDEDLINESBELOW="0" >
<track INDEX="0" >
</track>
<track INDEX="1" >
</track>
</staff>
</measure>
<measure WIDTH="851" WIDTHSETBYHAND="false" TIMESIG="6 8" TIMESIGSETBYHAND="false" TEMPO="60.0" TEMPOSETBYHAND="false" REPEATSTART="false" REPEATEND="false" NUMREPEATS="1" BARLINE="SINGLE" MEASURETEXT="" MEASURETEXTX="48" MEASURETEXTY="48" >
<staff INDEX="0" CLEF="0" CLEFSETBYHAND="false" INSTRUMENTINDEX="0" INSINDEXSETBYHAND="false" KEYSIGTYPE="0" KEYSIGNUMACC="0" KEYSIGSETBYHAND="false" EXTENDEDLINESABOVE="0" EXTENDEDLINESBELOW="0" >
<track INDEX="0" >
<note NOTEDUR="3" TUPLET="0" DOTS="0" ACCINFO="0" DURATION="0.5" PITCH="86.0" VELOCITY="0.5" HOLD="0.0" BEAMEDOUT="false" GLISSOUT="false" TIEDOUT="false" ACCPREF="0" ACCVISPOLICY="0" ALTENHARMONIC="false" DYN="0" SLUROUT="false" ISGRACENOTE="false" WEDGE="none" OTTAVA="none" MARK="0" TEXTOFFSETX="0" TEXTOFFSETY="0" NOTEHEAD="0" VISIBLE="true" NOTEHEADVISIBLE="true" STEMVISIBLE="true" OVERRIDELEVEL="-1" ISOVERRIDELEVEL="false" STEMINFOOVERRIDE="false" STEMINFO="2" TEXT="" >
<dim index="4" value="0.0" name="EventFlag" />
</note>
<note NOTEDUR="3" TUPLET="0" DOTS="0" ACCINFO="0" DURATION="0.5" PITCH="86.0" VELOCITY="0.5" HOLD="0.0" BEAMEDOUT="false" GLISSOUT="false" TIEDOUT="false" ACCPREF="0" ACCVISPOLICY="0" ALTENHARMONIC="false" DYN="0" SLUROUT="false" ISGRACENOTE="false" WEDGE="none" OTTAVA="none" MARK="0" TEXTOFFSETX="0" TEXTOFFSETY="0" NOTEHEAD="0" VISIBLE="true" NOTEHEADVISIBLE="true" STEMVISIBLE="true" OVERRIDELEVEL="-1" ISOVERRIDELEVEL="false" STEMINFOOVERRIDE="false" STEMINFO="2" TEXT="" >
<dim index="4" value="0.0" name="EventFlag" />
</note>
<note NOTEDUR="4" TUPLET="7" DOTS="0" ACCINFO="0" DURATION="0.14285" PITCH="88.0" VELOCITY="0.5" HOLD="0.0" BEAMEDOUT="true" GLISSOUT="false" TIEDOUT="false" ACCPREF="0" ACCVISPOLICY="0" ALTENHARMONIC="false" DYN="0" SLUROUT="false" ISGRACENOTE="false" WEDGE="none" OTTAVA="none" MARK="0" TEXTOFFSETX="0" TEXTOFFSETY="0" NOTEHEAD="0" VISIBLE="true" NOTEHEADVISIBLE="true" STEMVISIBLE="true" OVERRIDELEVEL="-1" ISOVERRIDELEVEL="false" STEMINFOOVERRIDE="false" STEMINFO="2" TEXT="" >
<dim index="4" value="0.0" name="EventFlag" />
</note>
<note NOTEDUR="4" TUPLET="7" DOTS="0" ACCINFO="0" DURATION="0.14285" PITCH="88.0" VELOCITY="0.5" HOLD="0.0" BEAMEDOUT="true" GLISSOUT="false" TIEDOUT="false" ACCPREF="0" ACCVISPOLICY="0" ALTENHARMONIC="false" DYN="0" SLUROUT="false" ISGRACENOTE="false" WEDGE="none" OTTAVA="none" MARK="0" TEXTOFFSETX="0" TEXTOFFSETY="0" NOTEHEAD="0" VISIBLE="true" NOTEHEADVISIBLE="true" STEMVISIBLE="true" OVERRIDELEVEL="-1" ISOVERRIDELEVEL="false" STEMINFOOVERRIDE="false" STEMINFO="2" TEXT="" >
<dim index="4" value="0.0" name="EventFlag" />
</note>
<note NOTEDUR="4" TUPLET="7" DOTS="0" ACCINFO="0" DURATION="0.14285" PITCH="88.0" VELOCITY="0.5" HOLD="0.0" BEAMEDOUT="true" GLISSOUT="false" TIEDOUT="false" ACCPREF="0" ACCVISPOLICY="0" ALTENHARMONIC="false" DYN="0" SLUROUT="false" ISGRACENOTE="false" WEDGE="none" OTTAVA="none" MARK="0" TEXTOFFSETX="0" TEXTOFFSETY="0" NOTEHEAD="0" VISIBLE="true" NOTEHEADVISIBLE="true" STEMVISIBLE="true" OVERRIDELEVEL="-1" ISOVERRIDELEVEL="false" STEMINFOOVERRIDE="false" STEMINFO="2" TEXT="" >
<dim index="4" value="0.0" name="EventFlag" />
</note>
<note NOTEDUR="4" TUPLET="7" DOTS="0" ACCINFO="0" DURATION="0.14285" PITCH="88.0" VELOCITY="0.5" HOLD="0.0" BEAMEDOUT="true" GLISSOUT="false" TIEDOUT="false" ACCPREF="0" ACCVISPOLICY="0" ALTENHARMONIC="false" DYN="0" SLUROUT="false" ISGRACENOTE="false" WEDGE="none" OTTAVA="none" MARK="0" TEXTOFFSETX="0" TEXTOFFSETY="0" NOTEHEAD="0" VISIBLE="true" NOTEHEADVISIBLE="true" STEMVISIBLE="true" OVERRIDELEVEL="-1" ISOVERRIDELEVEL="false" STEMINFOOVERRIDE="false" STEMINFO="2" TEXT="" >
<dim index="4" value="0.0" name="EventFlag" />
</note>
<note NOTEDUR="4" TUPLET="7" DOTS="0" ACCINFO="0" DURATION="0.14285" PITCH="88.0" VELOCITY="0.5" HOLD="0.0" BEAMEDOUT="true" GLISSOUT="false" TIEDOUT="false" ACCPREF="0" ACCVISPOLICY="0" ALTENHARMONIC="false" DYN="0" SLUROUT="false" ISGRACENOTE="false" WEDGE="none" OTTAVA="none" MARK="0" TEXTOFFSETX="0" TEXTOFFSETY="0" NOTEHEAD="0" VISIBLE="true" NOTEHEADVISIBLE="true" STEMVISIBLE="true" OVERRIDELEVEL="-1" ISOVERRIDELEVEL="false" STEMINFOOVERRIDE="false" STEMINFO="2" TEXT="" >
<dim index="4" value="0.0" name="EventFlag" />
</note>
<note NOTEDUR="4" TUPLET="7" DOTS="0" ACCINFO="0" DURATION="0.14285" PITCH="88.0" VELOCITY="0.5" HOLD="0.0" BEAMEDOUT="true" GLISSOUT="false" TIEDOUT="false" ACCPREF="0" ACCVISPOLICY="0" ALTENHARMONIC="false" DYN="0" SLUROUT="false" ISGRACENOTE="false" WEDGE="none" OTTAVA="none" MARK="0" TEXTOFFSETX="0" TEXTOFFSETY="0" NOTEHEAD="0" VISIBLE="true" NOTEHEADVISIBLE="true" STEMVISIBLE="true" OVERRIDELEVEL="-1" ISOVERRIDELEVEL="false" STEMINFOOVERRIDE="false" STEMINFO="2" TEXT="" >
<dim index="4" value="0.0" name="EventFlag" />
</note>
<note NOTEDUR="4" TUPLET="7" DOTS="0" ACCINFO="0" DURATION="0.14285" PITCH="88.0" VELOCITY="0.5" HOLD="0.0" BEAMEDOUT="false" GLISSOUT="false" TIEDOUT="false" ACCPREF="0" ACCVISPOLICY="0" ALTENHARMONIC="false" DYN="0" SLUROUT="false" ISGRACENOTE="false" WEDGE="none" OTTAVA="none" MARK="0" TEXTOFFSETX="0" TEXTOFFSETY="0" NOTEHEAD="0" VISIBLE="true" NOTEHEADVISIBLE="true" STEMVISIBLE="true" OVERRIDELEVEL="-1" ISOVERRIDELEVEL="false" STEMINFOOVERRIDE="false" STEMINFO="2" TEXT="" >
<dim index="4" value="0.0" name="EventFlag" />
</note>
<note NOTEDUR="4" TUPLET="0" DOTS="0" ACCINFO="0" DURATION="0.25" PITCH="88.0" VELOCITY="0.5" HOLD="0.0" BEAMEDOUT="true" GLISSOUT="false" TIEDOUT="false" ACCPREF="0" ACCVISPOLICY="0" ALTENHARMONIC="false" DYN="0" SLUROUT="false" ISGRACENOTE="false" WEDGE="none" OTTAVA="none" MARK="0" TEXTOFFSETX="0" TEXTOFFSETY="0" NOTEHEAD="0" VISIBLE="true" NOTEHEADVISIBLE="true" STEMVISIBLE="true" OVERRIDELEVEL="-1" ISOVERRIDELEVEL="false" STEMINFOOVERRIDE="false" STEMINFO="2" TEXT="" >
<dim index="4" value="0.0" name="EventFlag" />
</note>
<note NOTEDUR="4" TUPLET="0" DOTS="0" ACCINFO="0" DURATION="0.25" PITCH="88.0" VELOCITY="0.5" HOLD="0.0" BEAMEDOUT="false" GLISSOUT="false" TIEDOUT="false" ACCPREF="0" ACCVISPOLICY="0" ALTENHARMONIC="false" DYN="0" SLUROUT="false" ISGRACENOTE="false" WEDGE="none" OTTAVA="none" MARK="0" TEXTOFFSETX="0" TEXTOFFSETY="0" NOTEHEAD="0" VISIBLE="true" NOTEHEADVISIBLE="true" STEMVISIBLE="true" OVERRIDELEVEL="-1" ISOVERRIDELEVEL="false" STEMINFOOVERRIDE="false" STEMINFO="2" TEXT="" >
<dim index="4" value="0.0" name="EventFlag" />
</note>
<note NOTEDUR="4" TUPLET="0" DOTS="0" ACCINFO="0" DURATION="0.25" PITCH="88.0" VELOCITY="0.5" HOLD="0.0" BEAMEDOUT="true" GLISSOUT="false" TIEDOUT="false" ACCPREF="0" ACCVISPOLICY="0" ALTENHARMONIC="false" DYN="0" SLUROUT="false" ISGRACENOTE="false" WEDGE="none" OTTAVA="none" MARK="0" TEXTOFFSETX="0" TEXTOFFSETY="0" NOTEHEAD="0" VISIBLE="true" NOTEHEADVISIBLE="true" STEMVISIBLE="true" OVERRIDELEVEL="-1" ISOVERRIDELEVEL="false" STEMINFOOVERRIDE="false" STEMINFO="2" TEXT="" >
<dim index="4" value="0.0" name="EventFlag" />
</note>
<note NOTEDUR="4" TUPLET="0" DOTS="0" ACCINFO="0" DURATION="0.25" PITCH="88.0" VELOCITY="0.5" HOLD="0.0" BEAMEDOUT="false" GLISSOUT="false" TIEDOUT="false" ACCPREF="0" ACCVISPOLICY="0" ALTENHARMONIC="false" DYN="0" SLUROUT="false" ISGRACENOTE="false" WEDGE="none" OTTAVA="none" MARK="0" TEXTOFFSETX="0" TEXTOFFSETY="0" NOTEHEAD="0" VISIBLE="true" NOTEHEADVISIBLE="true" STEMVISIBLE="true" OVERRIDELEVEL="-1" ISOVERRIDELEVEL="false" STEMINFOOVERRIDE="false" STEMINFO="2" TEXT="" >
<dim index="4" value="0.0" name="EventFlag" />
</note>
</track>
<track INDEX="1" >
</track>
</staff>
<staff INDEX="1" CLEF="0" CLEFSETBYHAND="false" INSTRUMENTINDEX="1" INSINDEXSETBYHAND="false" KEYSIGTYPE="0" KEYSIGNUMACC="0" KEYSIGSETBYHAND="false" EXTENDEDLINESABOVE="0" EXTENDEDLINESBELOW="0" >
<track INDEX="0" >
</track>
<track INDEX="1" >
</track>
</staff>
</measure>
<measure WIDTH="982" WIDTHSETBYHAND="false" TIMESIG="6 8" TIMESIGSETBYHAND="false" TEMPO="60.0" TEMPOSETBYHAND="false" REPEATSTART="false" REPEATEND="false" NUMREPEATS="1" BARLINE="SINGLE" MEASURETEXT="" MEASURETEXTX="48" MEASURETEXTY="48" >
<staff INDEX="0" CLEF="0" CLEFSETBYHAND="false" INSTRUMENTINDEX="0" INSINDEXSETBYHAND="false" KEYSIGTYPE="0" KEYSIGNUMACC="0" KEYSIGSETBYHAND="false" EXTENDEDLINESABOVE="0" EXTENDEDLINESBELOW="0" >
<track INDEX="0" >
<note NOTEDUR="4" TUPLET="7" DOTS="0" ACCINFO="0" DURATION="0.14285" PITCH="88.0" VELOCITY="0.5" HOLD="0.0" BEAMEDOUT="true" GLISSOUT="false" TIEDOUT="false" ACCPREF="0" ACCVISPOLICY="0" ALTENHARMONIC="false" DYN="0" SLUROUT="false" ISGRACENOTE="false" WEDGE="none" OTTAVA="none" MARK="0" TEXTOFFSETX="0" TEXTOFFSETY="0" NOTEHEAD="0" VISIBLE="true" NOTEHEADVISIBLE="true" STEMVISIBLE="true" OVERRIDELEVEL="-1" ISOVERRIDELEVEL="false" STEMINFOOVERRIDE="false" STEMINFO="2" TEXT="" >
<dim index="4" value="0.0" name="EventFlag" />
</note>
<note NOTEDUR="4" TUPLET="7" DOTS="0" ACCINFO="0" DURATION="0.14285" PITCH="88.0" VELOCITY="0.5" HOLD="0.0" BEAMEDOUT="true" GLISSOUT="false" TIEDOUT="false" ACCPREF="0" ACCVISPOLICY="0" ALTENHARMONIC="false" DYN="0" SLUROUT="false" ISGRACENOTE="false" WEDGE="none" OTTAVA="none" MARK="0" TEXTOFFSETX="0" TEXTOFFSETY="0" NOTEHEAD="0" VISIBLE="true" NOTEHEADVISIBLE="true" STEMVISIBLE="true" OVERRIDELEVEL="-1" ISOVERRIDELEVEL="false" STEMINFOOVERRIDE="false" STEMINFO="2" TEXT="" >
<dim index="4" value="0.0" name="EventFlag" />
</note>
<note NOTEDUR="4" TUPLET="7" DOTS="0" ACCINFO="0" DURATION="0.14285" PITCH="88.0" VELOCITY="0.5" HOLD="0.0" BEAMEDOUT="true" GLISSOUT="false" TIEDOUT="false" ACCPREF="0" ACCVISPOLICY="0" ALTENHARMONIC="false" DYN="0" SLUROUT="false" ISGRACENOTE="false" WEDGE="none" OTTAVA="none" MARK="0" TEXTOFFSETX="0" TEXTOFFSETY="0" NOTEHEAD="0" VISIBLE="true" NOTEHEADVISIBLE="true" STEMVISIBLE="true" OVERRIDELEVEL="-1" ISOVERRIDELEVEL="false" STEMINFOOVERRIDE="false" STEMINFO="2" TEXT="" >
<dim index="4" value="0.0" name="EventFlag" />
</note>
<note NOTEDUR="4" TUPLET="7" DOTS="0" ACCINFO="0" DURATION="0.14285" PITCH="88.0" VELOCITY="0.5" HOLD="0.0" BEAMEDOUT="true" GLISSOUT="false" TIEDOUT="false" ACCPREF="0" ACCVISPOLICY="0" ALTENHARMONIC="false" DYN="0" SLUROUT="false" ISGRACENOTE="false" WEDGE="none" OTTAVA="none" MARK="0" TEXTOFFSETX="0" TEXTOFFSETY="0" NOTEHEAD="0" VISIBLE="true" NOTEHEADVISIBLE="true" STEMVISIBLE="true" OVERRIDELEVEL="-1" ISOVERRIDELEVEL="false" STEMINFOOVERRIDE="false" STEMINFO="2" TEXT="" >
<dim index="4" value="0.0" name="EventFlag" />
</note>
<note NOTEDUR="4" TUPLET="7" DOTS="0" ACCINFO="0" DURATION="0.14285" PITCH="88.0" VELOCITY="0.5" HOLD="0.0" BEAMEDOUT="true" GLISSOUT="false" TIEDOUT="false" ACCPREF="0" ACCVISPOLICY="0" ALTENHARMONIC="false" DYN="0" SLUROUT="false" ISGRACENOTE="false" WEDGE="none" OTTAVA="none" MARK="0" TEXTOFFSETX="0" TEXTOFFSETY="0" NOTEHEAD="0" VISIBLE="true" NOTEHEADVISIBLE="true" STEMVISIBLE="true" OVERRIDELEVEL="-1" ISOVERRIDELEVEL="false" STEMINFOOVERRIDE="false" STEMINFO="2" TEXT="" >
<dim index="4" value="0.0" name="EventFlag" />
</note>
<note NOTEDUR="4" TUPLET="7" DOTS="0" ACCINFO="0" DURATION="0.14285" PITCH="88.0" VELOCITY="0.5" HOLD="0.0" BEAMEDOUT="true" GLISSOUT="false" TIEDOUT="false" ACCPREF="0" ACCVISPOLICY="0" ALTENHARMONIC="false" DYN="0" SLUROUT="false" ISGRACENOTE="false" WEDGE="none" OTTAVA="none" MARK="0" TEXTOFFSETX="0" TEXTOFFSETY="0" NOTEHEAD="0" VISIBLE="true" NOTEHEADVISIBLE="true" STEMVISIBLE="true" OVERRIDELEVEL="-1" ISOVERRIDELEVEL="false" STEMINFOOVERRIDE="false" STEMINFO="2" TEXT="" >
<dim index="4" value="0.0" name="EventFlag" />
</note>
<note NOTEDUR="4" TUPLET="7" DOTS="0" ACCINFO="0" DURATION="0.14285" PITCH="88.0" VELOCITY="0.5" HOLD="0.0" BEAMEDOUT="false" GLISSOUT="false" TIEDOUT="false" ACCPREF="0" ACCVISPOLICY="0" ALTENHARMONIC="false" DYN="0" SLUROUT="false" ISGRACENOTE="false" WEDGE="none" OTTAVA="none" MARK="0" TEXTOFFSETX="0" TEXTOFFSETY="0" NOTEHEAD="0" VISIBLE="true" NOTEHEADVISIBLE="true" STEMVISIBLE="true" OVERRIDELEVEL="-1" ISOVERRIDELEVEL="false" STEMINFOOVERRIDE="false" STEMINFO="2" TEXT="" >
<dim index="4" value="0.0" name="EventFlag" />
</note>
<note NOTEDUR="3" TUPLET="0" DOTS="0" ACCINFO="0" DURATION="0.5" PITCH="88.0" VELOCITY="0.5" HOLD="0.0" BEAMEDOUT="false" GLISSOUT="false" TIEDOUT="false" ACCPREF="0" ACCVISPOLICY="0" ALTENHARMONIC="false" DYN="0" SLUROUT="false" ISGRACENOTE="false" WEDGE="none" OTTAVA="none" MARK="0" TEXTOFFSETX="0" TEXTOFFSETY="0" NOTEHEAD="0" VISIBLE="true" NOTEHEADVISIBLE="true" STEMVISIBLE="true" OVERRIDELEVEL="-1" ISOVERRIDELEVEL="false" STEMINFOOVERRIDE="false" STEMINFO="2" TEXT="" >
<dim index="4" value="0.0" name="EventFlag" />
</note>
<note NOTEDUR="3" TUPLET="0" DOTS="0" ACCINFO="0" DURATION="0.5" PITCH="88.0" VELOCITY="0.5" HOLD="0.0" BEAMEDOUT="false" GLISSOUT="false" TIEDOUT="false" ACCPREF="0" ACCVISPOLICY="0" ALTENHARMONIC="false" DYN="0" SLUROUT="false" ISGRACENOTE="false" WEDGE="none" OTTAVA="none" MARK="0" TEXTOFFSETX="0" TEXTOFFSETY="0" NOTEHEAD="0" VISIBLE="true" NOTEHEADVISIBLE="true" STEMVISIBLE="true" OVERRIDELEVEL="-1" ISOVERRIDELEVEL="false" STEMINFOOVERRIDE="false" STEMINFO="2" TEXT="" >
<dim index="4" value="0.0" name="EventFlag" />
</note>
<note NOTEDUR="4" TUPLET="7" DOTS="0" ACCINFO="0" DURATION="0.14285" PITCH="76.0" VELOCITY="0.5" HOLD="0.0" BEAMEDOUT="true" GLISSOUT="false" TIEDOUT="false" ACCPREF="0" ACCVISPOLICY="0" ALTENHARMONIC="false" DYN="0" SLUROUT="false" ISGRACENOTE="false" WEDGE="none" OTTAVA="none" MARK="0" TEXTOFFSETX="0" TEXTOFFSETY="0" NOTEHEAD="0" VISIBLE="true" NOTEHEADVISIBLE="true" STEMVISIBLE="true" OVERRIDELEVEL="-1" ISOVERRIDELEVEL="false" STEMINFOOVERRIDE="false" STEMINFO="2" TEXT="" >
<dim index="4" value="0.0" name="EventFlag" />
</note>
<note NOTEDUR="4" TUPLET="7" DOTS="0" ACCINFO="0" DURATION="0.14285" PITCH="76.0" VELOCITY="0.5" HOLD="0.0" BEAMEDOUT="true" GLISSOUT="false" TIEDOUT="false" ACCPREF="0" ACCVISPOLICY="0" ALTENHARMONIC="false" DYN="0" SLUROUT="false" ISGRACENOTE="false" WEDGE="none" OTTAVA="none" MARK="0" TEXTOFFSETX="0" TEXTOFFSETY="0" NOTEHEAD="0" VISIBLE="true" NOTEHEADVISIBLE="true" STEMVISIBLE="true" OVERRIDELEVEL="-1" ISOVERRIDELEVEL="false" STEMINFOOVERRIDE="false" STEMINFO="2" TEXT="" >
<dim index="4" value="0.0" name="EventFlag" />
</note>
<note NOTEDUR="4" TUPLET="7" DOTS="0" ACCINFO="0" DURATION="0.14285" PITCH="76.0" VELOCITY="0.5" HOLD="0.0" BEAMEDOUT="true" GLISSOUT="false" TIEDOUT="false" ACCPREF="0" ACCVISPOLICY="0" ALTENHARMONIC="false" DYN="0" SLUROUT="false" ISGRACENOTE="false" WEDGE="none" OTTAVA="none" MARK="0" TEXTOFFSETX="0" TEXTOFFSETY="0" NOTEHEAD="0" VISIBLE="true" NOTEHEADVISIBLE="true" STEMVISIBLE="true" OVERRIDELEVEL="-1" ISOVERRIDELEVEL="false" STEMINFOOVERRIDE="false" STEMINFO="2" TEXT="" >
<dim index="4" value="0.0" name="EventFlag" />
</note>
<note NOTEDUR="4" TUPLET="7" DOTS="0" ACCINFO="0" DURATION="0.14285" PITCH="76.0" VELOCITY="0.5" HOLD="0.0" BEAMEDOUT="true" GLISSOUT="false" TIEDOUT="false" ACCPREF="0" ACCVISPOLICY="0" ALTENHARMONIC="false" DYN="0" SLUROUT="false" ISGRACENOTE="false" WEDGE="none" OTTAVA="none" MARK="0" TEXTOFFSETX="0" TEXTOFFSETY="0" NOTEHEAD="0" VISIBLE="true" NOTEHEADVISIBLE="true" STEMVISIBLE="true" OVERRIDELEVEL="-1" ISOVERRIDELEVEL="false" STEMINFOOVERRIDE="false" STEMINFO="2" TEXT="" >
<dim index="4" value="0.0" name="EventFlag" />
</note>
<note NOTEDUR="4" TUPLET="7" DOTS="0" ACCINFO="0" DURATION="0.14285" PITCH="76.0" VELOCITY="0.5" HOLD="0.0" BEAMEDOUT="true" GLISSOUT="false" TIEDOUT="false" ACCPREF="0" ACCVISPOLICY="0" ALTENHARMONIC="false" DYN="0" SLUROUT="false" ISGRACENOTE="false" WEDGE="none" OTTAVA="none" MARK="0" TEXTOFFSETX="0" TEXTOFFSETY="0" NOTEHEAD="0" VISIBLE="true" NOTEHEADVISIBLE="true" STEMVISIBLE="true" OVERRIDELEVEL="-1" ISOVERRIDELEVEL="false" STEMINFOOVERRIDE="false" STEMINFO="2" TEXT="" >
<dim index="4" value="0.0" name="EventFlag" />
</note>
<note NOTEDUR="4" TUPLET="7" DOTS="0" ACCINFO="0" DURATION="0.14285" PITCH="76.0" VELOCITY="0.5" HOLD="0.0" BEAMEDOUT="true" GLISSOUT="false" TIEDOUT="false" ACCPREF="0" ACCVISPOLICY="0" ALTENHARMONIC="false" DYN="0" SLUROUT="false" ISGRACENOTE="false" WEDGE="none" OTTAVA="none" MARK="0" TEXTOFFSETX="0" TEXTOFFSETY="0" NOTEHEAD="0" VISIBLE="true" NOTEHEADVISIBLE="true" STEMVISIBLE="true" OVERRIDELEVEL="-1" ISOVERRIDELEVEL="false" STEMINFOOVERRIDE="false" STEMINFO="2" TEXT="" >
<dim index="4" value="0.0" name="EventFlag" />
</note>
<note NOTEDUR="4" TUPLET="7" DOTS="0" ACCINFO="0" DURATION="0.14285" PITCH="76.0" VELOCITY="0.5" HOLD="0.0" BEAMEDOUT="false" GLISSOUT="false" TIEDOUT="false" ACCPREF="0" ACCVISPOLICY="0" ALTENHARMONIC="false" DYN="0" SLUROUT="false" ISGRACENOTE="false" WEDGE="none" OTTAVA="none" MARK="0" TEXTOFFSETX="0" TEXTOFFSETY="0" NOTEHEAD="0" VISIBLE="true" NOTEHEADVISIBLE="true" STEMVISIBLE="true" OVERRIDELEVEL="-1" ISOVERRIDELEVEL="false" STEMINFOOVERRIDE="false" STEMINFO="2" TEXT="" >
<dim index="4" value="0.0" name="EventFlag" />
</note>
</track>
<track INDEX="1" >
</track>
</staff>
<staff INDEX="1" CLEF="0" CLEFSETBYHAND="false" INSTRUMENTINDEX="1" INSINDEXSETBYHAND="false" KEYSIGTYPE="0" KEYSIGNUMACC="0" KEYSIGSETBYHAND="false" EXTENDEDLINESABOVE="0" EXTENDEDLINESBELOW="0" >
<track INDEX="0" >
</track>
<track INDEX="1" >
</track>
</staff>
</measure>
<measure WIDTH="939" WIDTHSETBYHAND="false" TIMESIG="6 8" TIMESIGSETBYHAND="false" TEMPO="60.0" TEMPOSETBYHAND="false" REPEATSTART="false" REPEATEND="false" NUMREPEATS="1" BARLINE="SINGLE" MEASURETEXT="" MEASURETEXTX="48" MEASURETEXTY="48" >
<staff INDEX="0" CLEF="0" CLEFSETBYHAND="false" INSTRUMENTINDEX="0" INSINDEXSETBYHAND="false" KEYSIGTYPE="0" KEYSIGNUMACC="0" KEYSIGSETBYHAND="false" EXTENDEDLINESABOVE="0" EXTENDEDLINESBELOW="0" >
<track INDEX="0" >
<note NOTEDUR="4" TUPLET="3" DOTS="0" ACCINFO="0" DURATION="0.16666" PITCH="88.0" VELOCITY="0.5" HOLD="0.0" BEAMEDOUT="true" GLISSOUT="false" TIEDOUT="false" ACCPREF="0" ACCVISPOLICY="0" ALTENHARMONIC="false" DYN="0" SLUROUT="false" ISGRACENOTE="false" WEDGE="none" OTTAVA="none" MARK="0" TEXTOFFSETX="0" TEXTOFFSETY="0" NOTEHEAD="0" VISIBLE="true" NOTEHEADVISIBLE="true" STEMVISIBLE="true" OVERRIDELEVEL="-1" ISOVERRIDELEVEL="false" STEMINFOOVERRIDE="false" STEMINFO="2" TEXT="" >
<dim index="4" value="0.0" name="EventFlag" />
</note>
<note NOTEDUR="4" TUPLET="3" DOTS="0" ACCINFO="0" DURATION="0.16666" PITCH="88.0" VELOCITY="0.5" HOLD="0.0" BEAMEDOUT="true" GLISSOUT="false" TIEDOUT="false" ACCPREF="0" ACCVISPOLICY="0" ALTENHARMONIC="false" DYN="0" SLUROUT="false" ISGRACENOTE="false" WEDGE="none" OTTAVA="none" MARK="0" TEXTOFFSETX="0" TEXTOFFSETY="0" NOTEHEAD="0" VISIBLE="true" NOTEHEADVISIBLE="true" STEMVISIBLE="true" OVERRIDELEVEL="-1" ISOVERRIDELEVEL="false" STEMINFOOVERRIDE="false" STEMINFO="2" TEXT="" >
<dim index="4" value="0.0" name="EventFlag" />
</note>
<note NOTEDUR="4" TUPLET="3" DOTS="0" ACCINFO="0" DURATION="0.16666" PITCH="88.0" VELOCITY="0.5" HOLD="0.0" BEAMEDOUT="false" GLISSOUT="false" TIEDOUT="false" ACCPREF="0" ACCVISPOLICY="0" ALTENHARMONIC="false" DYN="0" SLUROUT="false" ISGRACENOTE="false" WEDGE="none" OTTAVA="none" MARK="0" TEXTOFFSETX="0" TEXTOFFSETY="0" NOTEHEAD="0" VISIBLE="true" NOTEHEADVISIBLE="true" STEMVISIBLE="true" OVERRIDELEVEL="-1" ISOVERRIDELEVEL="false" STEMINFOOVERRIDE="false" STEMINFO="2" TEXT="" >
<dim index="4" value="0.0" name="EventFlag" />
</note>
<note NOTEDUR="4" TUPLET="3" DOTS="0" ACCINFO="0" DURATION="0.16666" PITCH="88.0" VELOCITY="0.5" HOLD="0.0" BEAMEDOUT="true" GLISSOUT="false" TIEDOUT="false" ACCPREF="0" ACCVISPOLICY="0" ALTENHARMONIC="false" DYN="0" SLUROUT="false" ISGRACENOTE="false" WEDGE="none" OTTAVA="none" MARK="0" TEXTOFFSETX="0" TEXTOFFSETY="0" NOTEHEAD="0" VISIBLE="true" NOTEHEADVISIBLE="true" STEMVISIBLE="true" OVERRIDELEVEL="-1" ISOVERRIDELEVEL="false" STEMINFOOVERRIDE="false" STEMINFO="2" TEXT="" >
<dim index="4" value="0.0" name="EventFlag" />
</note>
<note NOTEDUR="4" TUPLET="3" DOTS="0" ACCINFO="0" DURATION="0.16666" PITCH="88.0" VELOCITY="0.5" HOLD="0.0" BEAMEDOUT="true" GLISSOUT="false" TIEDOUT="false" ACCPREF="0" ACCVISPOLICY="0" ALTENHARMONIC="false" DYN="0" SLUROUT="false" ISGRACENOTE="false" WEDGE="none" OTTAVA="none" MARK="0" TEXTOFFSETX="0" TEXTOFFSETY="0" NOTEHEAD="0" VISIBLE="true" NOTEHEADVISIBLE="true" STEMVISIBLE="true" OVERRIDELEVEL="-1" ISOVERRIDELEVEL="false" STEMINFOOVERRIDE="false" STEMINFO="2" TEXT="" >
<dim index="4" value="0.0" name="EventFlag" />
</note>
<note NOTEDUR="4" TUPLET="3" DOTS="0" ACCINFO="0" DURATION="0.16666" PITCH="88.0" VELOCITY="0.5" HOLD="0.0" BEAMEDOUT="false" GLISSOUT="false" TIEDOUT="false" ACCPREF="0" ACCVISPOLICY="0" ALTENHARMONIC="false" DYN="0" SLUROUT="false" ISGRACENOTE="false" WEDGE="none" OTTAVA="none" MARK="0" TEXTOFFSETX="0" TEXTOFFSETY="0" NOTEHEAD="0" VISIBLE="true" NOTEHEADVISIBLE="true" STEMVISIBLE="true" OVERRIDELEVEL="-1" ISOVERRIDELEVEL="false" STEMINFOOVERRIDE="false" STEMINFO="2" TEXT="" >
<dim index="4" value="0.0" name="EventFlag" />
</note>
<note NOTEDUR="4" TUPLET="0" DOTS="0" ACCINFO="0" DURATION="0.25" PITCH="88.0" VELOCITY="0.5" HOLD="0.0" BEAMEDOUT="true" GLISSOUT="false" TIEDOUT="false" ACCPREF="0" ACCVISPOLICY="0" ALTENHARMONIC="false" DYN="0" SLUROUT="false" ISGRACENOTE="false" WEDGE="none" OTTAVA="none" MARK="0" TEXTOFFSETX="0" TEXTOFFSETY="0" NOTEHEAD="0" VISIBLE="true" NOTEHEADVISIBLE="true" STEMVISIBLE="true" OVERRIDELEVEL="-1" ISOVERRIDELEVEL="false" STEMINFOOVERRIDE="false" STEMINFO="2" TEXT="" >
<dim index="4" value="0.0" name="EventFlag" />
</note>
<note NOTEDUR="4" TUPLET="0" DOTS="0" ACCINFO="0" DURATION="0.25" PITCH="88.0" VELOCITY="0.5" HOLD="0.0" BEAMEDOUT="false" GLISSOUT="false" TIEDOUT="false" ACCPREF="0" ACCVISPOLICY="0" ALTENHARMONIC="false" DYN="0" SLUROUT="false" ISGRACENOTE="false" WEDGE="none" OTTAVA="none" MARK="0" TEXTOFFSETX="0" TEXTOFFSETY="0" NOTEHEAD="0" VISIBLE="true" NOTEHEADVISIBLE="true" STEMVISIBLE="true" OVERRIDELEVEL="-1" ISOVERRIDELEVEL="false" STEMINFOOVERRIDE="false" STEMINFO="2" TEXT="" >
<dim index="4" value="0.0" name="EventFlag" />
</note>
<note NOTEDUR="4" TUPLET="0" DOTS="0" ACCINFO="0" DURATION="0.25" PITCH="88.0" VELOCITY="0.5" HOLD="0.0" BEAMEDOUT="true" GLISSOUT="false" TIEDOUT="false" ACCPREF="0" ACCVISPOLICY="0" ALTENHARMONIC="false" DYN="0" SLUROUT="false" ISGRACENOTE="false" WEDGE="none" OTTAVA="none" MARK="0" TEXTOFFSETX="0" TEXTOFFSETY="0" NOTEHEAD="0" VISIBLE="true" NOTEHEADVISIBLE="true" STEMVISIBLE="true" OVERRIDELEVEL="-1" ISOVERRIDELEVEL="false" STEMINFOOVERRIDE="false" STEMINFO="2" TEXT="" >
<dim index="4" value="0.0" name="EventFlag" />
</note>
<note NOTEDUR="4" TUPLET="0" DOTS="0" ACCINFO="0" DURATION="0.25" PITCH="88.0" VELOCITY="0.5" HOLD="0.0" BEAMEDOUT="false" GLISSOUT="false" TIEDOUT="false" ACCPREF="0" ACCVISPOLICY="0" ALTENHARMONIC="false" DYN="0" SLUROUT="false" ISGRACENOTE="false" WEDGE="none" OTTAVA="none" MARK="0" TEXTOFFSETX="0" TEXTOFFSETY="0" NOTEHEAD="0" VISIBLE="true" NOTEHEADVISIBLE="true" STEMVISIBLE="true" OVERRIDELEVEL="-1" ISOVERRIDELEVEL="false" STEMINFOOVERRIDE="false" STEMINFO="2" TEXT="" >
<dim index="4" value="0.0" name="EventFlag" />
</note>
</track>
<track INDEX="1" >
</track>
</staff>
<staff INDEX="1" CLEF="0" CLEFSETBYHAND="false" INSTRUMENTINDEX="1" INSINDEXSETBYHAND="false" KEYSIGTYPE="0" KEYSIGNUMACC="0" KEYSIGSETBYHAND="false" EXTENDEDLINESABOVE="0" EXTENDEDLINESBELOW="0" >
<track INDEX="0" >
<note NOTEDUR="4" TUPLET="5" DOTS="0" ACCINFO="0" DURATION="0.2" PITCH="88.0" VELOCITY="0.5" HOLD="0.0" BEAMEDOUT="true" GLISSOUT="false" TIEDOUT="false" ACCPREF="0" ACCVISPOLICY="0" ALTENHARMONIC="false" DYN="0" SLUROUT="false" ISGRACENOTE="false" WEDGE="none" OTTAVA="none" MARK="0" TEXTOFFSETX="0" TEXTOFFSETY="0" NOTEHEAD="0" VISIBLE="true" NOTEHEADVISIBLE="true" STEMVISIBLE="true" OVERRIDELEVEL="-1" ISOVERRIDELEVEL="false" STEMINFOOVERRIDE="false" STEMINFO="2" TEXT="" >
<dim index="4" value="0.0" name="EventFlag" />
</note>
<note NOTEDUR="4" TUPLET="5" DOTS="0" ACCINFO="0" DURATION="0.2" PITCH="88.0" VELOCITY="0.5" HOLD="0.0" BEAMEDOUT="true" GLISSOUT="false" TIEDOUT="false" ACCPREF="0" ACCVISPOLICY="0" ALTENHARMONIC="false" DYN="0" SLUROUT="false" ISGRACENOTE="false" WEDGE="none" OTTAVA="none" MARK="0" TEXTOFFSETX="0" TEXTOFFSETY="0" NOTEHEAD="0" VISIBLE="true" NOTEHEADVISIBLE="true" STEMVISIBLE="true" OVERRIDELEVEL="-1" ISOVERRIDELEVEL="false" STEMINFOOVERRIDE="false" STEMINFO="2" TEXT="" >
<dim index="4" value="0.0" name="EventFlag" />
</note>
<note NOTEDUR="4" TUPLET="5" DOTS="0" ACCINFO="0" DURATION="0.2" PITCH="88.0" VELOCITY="0.5" HOLD="0.0" BEAMEDOUT="true" GLISSOUT="false" TIEDOUT="false" ACCPREF="0" ACCVISPOLICY="0" ALTENHARMONIC="false" DYN="0" SLUROUT="false" ISGRACENOTE="false" WEDGE="none" OTTAVA="none" MARK="0" TEXTOFFSETX="0" TEXTOFFSETY="0" NOTEHEAD="0" VISIBLE="true" NOTEHEADVISIBLE="true" STEMVISIBLE="true" OVERRIDELEVEL="-1" ISOVERRIDELEVEL="false" STEMINFOOVERRIDE="false" STEMINFO="2" TEXT="" >
<dim index="4" value="0.0" name="EventFlag" />
</note>
<note NOTEDUR="4" TUPLET="5" DOTS="0" ACCINFO="0" DURATION="0.2" PITCH="88.0" VELOCITY="0.5" HOLD="0.0" BEAMEDOUT="true" GLISSOUT="false" TIEDOUT="false" ACCPREF="0" ACCVISPOLICY="0" ALTENHARMONIC="false" DYN="0" SLUROUT="false" ISGRACENOTE="false" WEDGE="none" OTTAVA="none" MARK="0" TEXTOFFSETX="0" TEXTOFFSETY="0" NOTEHEAD="0" VISIBLE="true" NOTEHEADVISIBLE="true" STEMVISIBLE="true" OVERRIDELEVEL="-1" ISOVERRIDELEVEL="false" STEMINFOOVERRIDE="false" STEMINFO="2" TEXT="" >
<dim index="4" value="0.0" name="EventFlag" />
</note>
<note NOTEDUR="4" TUPLET="5" DOTS="0" ACCINFO="0" DURATION="0.2" PITCH="88.0" VELOCITY="0.5" HOLD="0.0" BEAMEDOUT="false" GLISSOUT="false" TIEDOUT="false" ACCPREF="0" ACCVISPOLICY="0" ALTENHARMONIC="false" DYN="0" SLUROUT="false" ISGRACENOTE="false" WEDGE="none" OTTAVA="none" MARK="0" TEXTOFFSETX="0" TEXTOFFSETY="0" NOTEHEAD="0" VISIBLE="true" NOTEHEADVISIBLE="true" STEMVISIBLE="true" OVERRIDELEVEL="-1" ISOVERRIDELEVEL="false" STEMINFOOVERRIDE="false" STEMINFO="2" TEXT="" >
<dim index="4" value="0.0" name="EventFlag" />
</note>
<note NOTEDUR="4" TUPLET="7" DOTS="0" ACCINFO="0" DURATION="0.14285" PITCH="88.0" VELOCITY="0.5" HOLD="0.0" BEAMEDOUT="true" GLISSOUT="false" TIEDOUT="false" ACCPREF="0" ACCVISPOLICY="0" ALTENHARMONIC="false" DYN="0" SLUROUT="false" ISGRACENOTE="false" WEDGE="none" OTTAVA="none" MARK="0" TEXTOFFSETX="0" TEXTOFFSETY="0" NOTEHEAD="0" VISIBLE="true" NOTEHEADVISIBLE="true" STEMVISIBLE="true" OVERRIDELEVEL="-1" ISOVERRIDELEVEL="false" STEMINFOOVERRIDE="false" STEMINFO="2" TEXT="" >
<dim index="4" value="0.0" name="EventFlag" />
</note>
<note NOTEDUR="4" TUPLET="7" DOTS="0" ACCINFO="0" DURATION="0.14285" PITCH="88.0" VELOCITY="0.5" HOLD="0.0" BEAMEDOUT="true" GLISSOUT="false" TIEDOUT="false" ACCPREF="0" ACCVISPOLICY="0" ALTENHARMONIC="false" DYN="0" SLUROUT="false" ISGRACENOTE="false" WEDGE="none" OTTAVA="none" MARK="0" TEXTOFFSETX="0" TEXTOFFSETY="0" NOTEHEAD="0" VISIBLE="true" NOTEHEADVISIBLE="true" STEMVISIBLE="true" OVERRIDELEVEL="-1" ISOVERRIDELEVEL="false" STEMINFOOVERRIDE="false" STEMINFO="2" TEXT="" >
<dim index="4" value="0.0" name="EventFlag" />
</note>
<note NOTEDUR="4" TUPLET="7" DOTS="0" ACCINFO="0" DURATION="0.14285" PITCH="88.0" VELOCITY="0.5" HOLD="0.0" BEAMEDOUT="true" GLISSOUT="false" TIEDOUT="false" ACCPREF="0" ACCVISPOLICY="0" ALTENHARMONIC="false" DYN="0" SLUROUT="false" ISGRACENOTE="false" WEDGE="none" OTTAVA="none" MARK="0" TEXTOFFSETX="0" TEXTOFFSETY="0" NOTEHEAD="0" VISIBLE="true" NOTEHEADVISIBLE="true" STEMVISIBLE="true" OVERRIDELEVEL="-1" ISOVERRIDELEVEL="false" STEMINFOOVERRIDE="false" STEMINFO="2" TEXT="" >
<dim index="4" value="0.0" name="EventFlag" />
</note>
<note NOTEDUR="4" TUPLET="7" DOTS="0" ACCINFO="0" DURATION="0.14285" PITCH="88.0" VELOCITY="0.5" HOLD="0.0" BEAMEDOUT="true" GLISSOUT="false" TIEDOUT="false" ACCPREF="0" ACCVISPOLICY="0" ALTENHARMONIC="false" DYN="0" SLUROUT="false" ISGRACENOTE="false" WEDGE="none" OTTAVA="none" MARK="0" TEXTOFFSETX="0" TEXTOFFSETY="0" NOTEHEAD="0" VISIBLE="true" NOTEHEADVISIBLE="true" STEMVISIBLE="true" OVERRIDELEVEL="-1" ISOVERRIDELEVEL="false" STEMINFOOVERRIDE="false" STEMINFO="2" TEXT="" >
<dim index="4" value="0.0" name="EventFlag" />
</note>
<note NOTEDUR="4" TUPLET="7" DOTS="0" ACCINFO="0" DURATION="0.14285" PITCH="88.0" VELOCITY="0.5" HOLD="0.0" BEAMEDOUT="true" GLISSOUT="false" TIEDOUT="false" ACCPREF="0" ACCVISPOLICY="0" ALTENHARMONIC="false" DYN="0" SLUROUT="false" ISGRACENOTE="false" WEDGE="none" OTTAVA="none" MARK="0" TEXTOFFSETX="0" TEXTOFFSETY="0" NOTEHEAD="0" VISIBLE="true" NOTEHEADVISIBLE="true" STEMVISIBLE="true" OVERRIDELEVEL="-1" ISOVERRIDELEVEL="false" STEMINFOOVERRIDE="false" STEMINFO="2" TEXT="" >
<dim index="4" value="0.0" name="EventFlag" />
</note>
<note NOTEDUR="4" TUPLET="7" DOTS="0" ACCINFO="0" DURATION="0.14285" PITCH="88.0" VELOCITY="0.5" HOLD="0.0" BEAMEDOUT="true" GLISSOUT="false" TIEDOUT="false" ACCPREF="0" ACCVISPOLICY="0" ALTENHARMONIC="false" DYN="0" SLUROUT="false" ISGRACENOTE="false" WEDGE="none" OTTAVA="none" MARK="0" TEXTOFFSETX="0" TEXTOFFSETY="0" NOTEHEAD="0" VISIBLE="true" NOTEHEADVISIBLE="true" STEMVISIBLE="true" OVERRIDELEVEL="-1" ISOVERRIDELEVEL="false" STEMINFOOVERRIDE="false" STEMINFO="2" TEXT="" >
<dim index="4" value="0.0" name="EventFlag" />
</note>
<note NOTEDUR="4" TUPLET="7" DOTS="0" ACCINFO="0" DURATION="0.14285" PITCH="88.0" VELOCITY="0.5" HOLD="0.0" BEAMEDOUT="false" GLISSOUT="false" TIEDOUT="false" ACCPREF="0" ACCVISPOLICY="0" ALTENHARMONIC="false" DYN="0" SLUROUT="false" ISGRACENOTE="false" WEDGE="none" OTTAVA="none" MARK="0" TEXTOFFSETX="0" TEXTOFFSETY="0" NOTEHEAD="0" VISIBLE="true" NOTEHEADVISIBLE="true" STEMVISIBLE="true" OVERRIDELEVEL="-1" ISOVERRIDELEVEL="false" STEMINFOOVERRIDE="false" STEMINFO="2" TEXT="" >
<dim index="4" value="0.0" name="EventFlag" />
</note>
<note NOTEDUR="4" TUPLET="0" DOTS="0" ACCINFO="0" DURATION="0.25" PITCH="76.0" VELOCITY="0.5" HOLD="0.0" BEAMEDOUT="true" GLISSOUT="false" TIEDOUT="false" ACCPREF="0" ACCVISPOLICY="0" ALTENHARMONIC="false" DYN="0" SLUROUT="false" ISGRACENOTE="false" WEDGE="none" OTTAVA="none" MARK="0" TEXTOFFSETX="0" TEXTOFFSETY="0" NOTEHEAD="0" VISIBLE="true" NOTEHEADVISIBLE="true" STEMVISIBLE="true" OVERRIDELEVEL="-1" ISOVERRIDELEVEL="false" STEMINFOOVERRIDE="false" STEMINFO="2" TEXT="" >
<dim index="4" value="0.0" name="EventFlag" />
</note>
<note NOTEDUR="4" TUPLET="0" DOTS="0" ACCINFO="0" DURATION="0.25" PITCH="76.0" VELOCITY="0.5" HOLD="0.0" BEAMEDOUT="false" GLISSOUT="false" TIEDOUT="false" ACCPREF="0" ACCVISPOLICY="0" ALTENHARMONIC="false" DYN="0" SLUROUT="false" ISGRACENOTE="false" WEDGE="none" OTTAVA="none" MARK="0" TEXTOFFSETX="0" TEXTOFFSETY="0" NOTEHEAD="0" VISIBLE="true" NOTEHEADVISIBLE="true" STEMVISIBLE="true" OVERRIDELEVEL="-1" ISOVERRIDELEVEL="false" STEMINFOOVERRIDE="false" STEMINFO="2" TEXT="" >
<dim index="4" value="0.0" name="EventFlag" />
</note>
<note NOTEDUR="4" TUPLET="0" DOTS="0" ACCINFO="0" DURATION="0.25" PITCH="76.0" VELOCITY="0.5" HOLD="0.0" BEAMEDOUT="true" GLISSOUT="false" TIEDOUT="false" ACCPREF="0" ACCVISPOLICY="0" ALTENHARMONIC="false" DYN="0" SLUROUT="false" ISGRACENOTE="false" WEDGE="none" OTTAVA="none" MARK="0" TEXTOFFSETX="0" TEXTOFFSETY="0" NOTEHEAD="0" VISIBLE="true" NOTEHEADVISIBLE="true" STEMVISIBLE="true" OVERRIDELEVEL="-1" ISOVERRIDELEVEL="false" STEMINFOOVERRIDE="false" STEMINFO="2" TEXT="" >
<dim index="4" value="0.0" name="EventFlag" />
</note>
<note NOTEDUR="4" TUPLET="0" DOTS="0" ACCINFO="0" DURATION="0.25" PITCH="76.0" VELOCITY="0.5" HOLD="0.0" BEAMEDOUT="false" GLISSOUT="false" TIEDOUT="false" ACCPREF="0" ACCVISPOLICY="0" ALTENHARMONIC="false" DYN="0" SLUROUT="false" ISGRACENOTE="false" WEDGE="none" OTTAVA="none" MARK="0" TEXTOFFSETX="0" TEXTOFFSETY="0" NOTEHEAD="0" VISIBLE="true" NOTEHEADVISIBLE="true" STEMVISIBLE="true" OVERRIDELEVEL="-1" ISOVERRIDELEVEL="false" STEMINFOOVERRIDE="false" STEMINFO="2" TEXT="" >
<dim index="4" value="0.0" name="EventFlag" />
</note>
</track>
<track INDEX="1" >
</track>
</staff>
</measure>
<measure WIDTH="1922" WIDTHSETBYHAND="false" TIMESIG="6 8" TIMESIGSETBYHAND="false" TEMPO="60.0" TEMPOSETBYHAND="false" REPEATSTART="false" REPEATEND="false" NUMREPEATS="1" BARLINE="SINGLE" MEASURETEXT="" MEASURETEXTX="48" MEASURETEXTY="48" >
<staff INDEX="0" CLEF="0" CLEFSETBYHAND="false" INSTRUMENTINDEX="0" INSINDEXSETBYHAND="false" KEYSIGTYPE="0" KEYSIGNUMACC="0" KEYSIGSETBYHAND="false" EXTENDEDLINESABOVE="0" EXTENDEDLINESBELOW="0" >
<track INDEX="0" >
</track>
<track INDEX="1" >
</track>
</staff>
<staff INDEX="1" CLEF="0" CLEFSETBYHAND="false" INSTRUMENTINDEX="1" INSINDEXSETBYHAND="false" KEYSIGTYPE="0" KEYSIGNUMACC="0" KEYSIGSETBYHAND="false" EXTENDEDLINESABOVE="0" EXTENDEDLINESBELOW="0" >
<track INDEX="0" >
<note NOTEDUR="4" TUPLET="0" DOTS="0" ACCINFO="0" DURATION="0.25" PITCH="86.0" VELOCITY="0.5" HOLD="0.0" BEAMEDOUT="true" GLISSOUT="false" TIEDOUT="false" ACCPREF="0" ACCVISPOLICY="0" ALTENHARMONIC="false" DYN="0" SLUROUT="false" ISGRACENOTE="false" WEDGE="none" OTTAVA="none" MARK="0" TEXTOFFSETX="0" TEXTOFFSETY="0" NOTEHEAD="0" VISIBLE="true" NOTEHEADVISIBLE="true" STEMVISIBLE="true" OVERRIDELEVEL="-1" ISOVERRIDELEVEL="false" STEMINFOOVERRIDE="false" STEMINFO="2" TEXT="" >
<dim index="4" value="0.0" name="EventFlag" />
</note>
<note NOTEDUR="4" TUPLET="0" DOTS="0" ACCINFO="0" DURATION="0.25" PITCH="86.0" VELOCITY="0.5" HOLD="0.0" BEAMEDOUT="false" GLISSOUT="false" TIEDOUT="false" ACCPREF="0" ACCVISPOLICY="0" ALTENHARMONIC="false" DYN="0" SLUROUT="false" ISGRACENOTE="false" WEDGE="none" OTTAVA="none" MARK="0" TEXTOFFSETX="0" TEXTOFFSETY="0" NOTEHEAD="0" VISIBLE="true" NOTEHEADVISIBLE="true" STEMVISIBLE="true" OVERRIDELEVEL="-1" ISOVERRIDELEVEL="false" STEMINFOOVERRIDE="false" STEMINFO="2" TEXT="" >
<dim index="4" value="0.0" name="EventFlag" />
</note>
<note NOTEDUR="4" TUPLET="0" DOTS="0" ACCINFO="0" DURATION="0.25" PITCH="86.0" VELOCITY="0.5" HOLD="0.0" BEAMEDOUT="true" GLISSOUT="false" TIEDOUT="false" ACCPREF="0" ACCVISPOLICY="0" ALTENHARMONIC="false" DYN="0" SLUROUT="false" ISGRACENOTE="false" WEDGE="none" OTTAVA="none" MARK="0" TEXTOFFSETX="0" TEXTOFFSETY="0" NOTEHEAD="0" VISIBLE="true" NOTEHEADVISIBLE="true" STEMVISIBLE="true" OVERRIDELEVEL="-1" ISOVERRIDELEVEL="false" STEMINFOOVERRIDE="false" STEMINFO="2" TEXT="" >
<dim index="4" value="0.0" name="EventFlag" />
</note>
<note NOTEDUR="4" TUPLET="0" DOTS="0" ACCINFO="0" DURATION="0.25" PITCH="86.0" VELOCITY="0.5" HOLD="0.0" BEAMEDOUT="false" GLISSOUT="false" TIEDOUT="false" ACCPREF="0" ACCVISPOLICY="0" ALTENHARMONIC="false" DYN="0" SLUROUT="false" ISGRACENOTE="false" WEDGE="none" OTTAVA="none" MARK="0" TEXTOFFSETX="0" TEXTOFFSETY="0" NOTEHEAD="0" VISIBLE="true" NOTEHEADVISIBLE="true" STEMVISIBLE="true" OVERRIDELEVEL="-1" ISOVERRIDELEVEL="false" STEMINFOOVERRIDE="false" STEMINFO="2" TEXT="" >
<dim index="4" value="0.0" name="EventFlag" />
</note>
<note NOTEDUR="4" TUPLET="7" DOTS="0" ACCINFO="0" DURATION="0.14285" PITCH="88.0" VELOCITY="0.5" HOLD="0.0" BEAMEDOUT="true" GLISSOUT="false" TIEDOUT="false" ACCPREF="0" ACCVISPOLICY="0" ALTENHARMONIC="false" DYN="0" SLUROUT="false" ISGRACENOTE="false" WEDGE="none" OTTAVA="none" MARK="0" TEXTOFFSETX="0" TEXTOFFSETY="0" NOTEHEAD="0" VISIBLE="true" NOTEHEADVISIBLE="true" STEMVISIBLE="true" OVERRIDELEVEL="-1" ISOVERRIDELEVEL="false" STEMINFOOVERRIDE="false" STEMINFO="2" TEXT="" >
<dim index="4" value="0.0" name="EventFlag" />
</note>
<note NOTEDUR="4" TUPLET="7" DOTS="0" ACCINFO="0" DURATION="0.14285" PITCH="88.0" VELOCITY="0.5" HOLD="0.0" BEAMEDOUT="true" GLISSOUT="false" TIEDOUT="false" ACCPREF="0" ACCVISPOLICY="0" ALTENHARMONIC="false" DYN="0" SLUROUT="false" ISGRACENOTE="false" WEDGE="none" OTTAVA="none" MARK="0" TEXTOFFSETX="0" TEXTOFFSETY="0" NOTEHEAD="0" VISIBLE="true" NOTEHEADVISIBLE="true" STEMVISIBLE="true" OVERRIDELEVEL="-1" ISOVERRIDELEVEL="false" STEMINFOOVERRIDE="false" STEMINFO="2" TEXT="" >
<dim index="4" value="0.0" name="EventFlag" />
</note>
<note NOTEDUR="4" TUPLET="7" DOTS="0" ACCINFO="0" DURATION="0.14285" PITCH="88.0" VELOCITY="0.5" HOLD="0.0" BEAMEDOUT="true" GLISSOUT="false" TIEDOUT="false" ACCPREF="0" ACCVISPOLICY="0" ALTENHARMONIC="false" DYN="0" SLUROUT="false" ISGRACENOTE="false" WEDGE="none" OTTAVA="none" MARK="0" TEXTOFFSETX="0" TEXTOFFSETY="0" NOTEHEAD="0" VISIBLE="true" NOTEHEADVISIBLE="true" STEMVISIBLE="true" OVERRIDELEVEL="-1" ISOVERRIDELEVEL="false" STEMINFOOVERRIDE="false" STEMINFO="2" TEXT="" >
<dim index="4" value="0.0" name="EventFlag" />
</note>
<note NOTEDUR="4" TUPLET="7" DOTS="0" ACCINFO="0" DURATION="0.14285" PITCH="88.0" VELOCITY="0.5" HOLD="0.0" BEAMEDOUT="true" GLISSOUT="false" TIEDOUT="false" ACCPREF="0" ACCVISPOLICY="0" ALTENHARMONIC="false" DYN="0" SLUROUT="false" ISGRACENOTE="false" WEDGE="none" OTTAVA="none" MARK="0" TEXTOFFSETX="0" TEXTOFFSETY="0" NOTEHEAD="0" VISIBLE="true" NOTEHEADVISIBLE="true" STEMVISIBLE="true" OVERRIDELEVEL="-1" ISOVERRIDELEVEL="false" STEMINFOOVERRIDE="false" STEMINFO="2" TEXT="" >
<dim index="4" value="0.0" name="EventFlag" />
</note>
<note NOTEDUR="4" TUPLET="7" DOTS="0" ACCINFO="0" DURATION="0.14285" PITCH="88.0" VELOCITY="0.5" HOLD="0.0" BEAMEDOUT="true" GLISSOUT="false" TIEDOUT="false" ACCPREF="0" ACCVISPOLICY="0" ALTENHARMONIC="false" DYN="0" SLUROUT="false" ISGRACENOTE="false" WEDGE="none" OTTAVA="none" MARK="0" TEXTOFFSETX="0" TEXTOFFSETY="0" NOTEHEAD="0" VISIBLE="true" NOTEHEADVISIBLE="true" STEMVISIBLE="true" OVERRIDELEVEL="-1" ISOVERRIDELEVEL="false" STEMINFOOVERRIDE="false" STEMINFO="2" TEXT="" >
<dim index="4" value="0.0" name="EventFlag" />
</note>
<note NOTEDUR="4" TUPLET="7" DOTS="0" ACCINFO="0" DURATION="0.14285" PITCH="88.0" VELOCITY="0.5" HOLD="0.0" BEAMEDOUT="true" GLISSOUT="false" TIEDOUT="false" ACCPREF="0" ACCVISPOLICY="0" ALTENHARMONIC="false" DYN="0" SLUROUT="false" ISGRACENOTE="false" WEDGE="none" OTTAVA="none" MARK="0" TEXTOFFSETX="0" TEXTOFFSETY="0" NOTEHEAD="0" VISIBLE="true" NOTEHEADVISIBLE="true" STEMVISIBLE="true" OVERRIDELEVEL="-1" ISOVERRIDELEVEL="false" STEMINFOOVERRIDE="false" STEMINFO="2" TEXT="" >
<dim index="4" value="0.0" name="EventFlag" />
</note>
<note NOTEDUR="4" TUPLET="7" DOTS="0" ACCINFO="0" DURATION="0.14285" PITCH="88.0" VELOCITY="0.5" HOLD="0.0" BEAMEDOUT="false" GLISSOUT="false" TIEDOUT="false" ACCPREF="0" ACCVISPOLICY="0" ALTENHARMONIC="false" DYN="0" SLUROUT="false" ISGRACENOTE="false" WEDGE="none" OTTAVA="none" MARK="0" TEXTOFFSETX="0" TEXTOFFSETY="0" NOTEHEAD="0" VISIBLE="true" NOTEHEADVISIBLE="true" STEMVISIBLE="true" OVERRIDELEVEL="-1" ISOVERRIDELEVEL="false" STEMINFOOVERRIDE="false" STEMINFO="2" TEXT="" >
<dim index="4" value="0.0" name="EventFlag" />
</note>
<note NOTEDUR="5" TUPLET="0" DOTS="0" ACCINFO="0" DURATION="0.125" PITCH="88.0" VELOCITY="0.5" HOLD="0.0" BEAMEDOUT="true" GLISSOUT="false" TIEDOUT="false" ACCPREF="0" ACCVISPOLICY="0" ALTENHARMONIC="false" DYN="0" SLUROUT="false" ISGRACENOTE="false" WEDGE="none" OTTAVA="none" MARK="0" TEXTOFFSETX="0" TEXTOFFSETY="0" NOTEHEAD="0" VISIBLE="true" NOTEHEADVISIBLE="true" STEMVISIBLE="true" OVERRIDELEVEL="-1" ISOVERRIDELEVEL="false" STEMINFOOVERRIDE="false" STEMINFO="2" TEXT="" >
<dim index="4" value="0.0" name="EventFlag" />
</note>
<note NOTEDUR="5" TUPLET="0" DOTS="0" ACCINFO="0" DURATION="0.125" PITCH="88.0" VELOCITY="0.5" HOLD="0.0" BEAMEDOUT="true" GLISSOUT="false" TIEDOUT="false" ACCPREF="0" ACCVISPOLICY="0" ALTENHARMONIC="false" DYN="0" SLUROUT="false" ISGRACENOTE="false" WEDGE="none" OTTAVA="none" MARK="0" TEXTOFFSETX="0" TEXTOFFSETY="0" NOTEHEAD="0" VISIBLE="true" NOTEHEADVISIBLE="true" STEMVISIBLE="true" OVERRIDELEVEL="-1" ISOVERRIDELEVEL="false" STEMINFOOVERRIDE="false" STEMINFO="2" TEXT="" >
<dim index="4" value="0.0" name="EventFlag" />
</note>
<note NOTEDUR="5" TUPLET="0" DOTS="0" ACCINFO="0" DURATION="0.125" PITCH="88.0" VELOCITY="0.5" HOLD="0.0" BEAMEDOUT="true" GLISSOUT="false" TIEDOUT="false" ACCPREF="0" ACCVISPOLICY="0" ALTENHARMONIC="false" DYN="0" SLUROUT="false" ISGRACENOTE="false" WEDGE="none" OTTAVA="none" MARK="0" TEXTOFFSETX="0" TEXTOFFSETY="0" NOTEHEAD="0" VISIBLE="true" NOTEHEADVISIBLE="true" STEMVISIBLE="true" OVERRIDELEVEL="-1" ISOVERRIDELEVEL="false" STEMINFOOVERRIDE="false" STEMINFO="2" TEXT="" >
<dim index="4" value="0.0" name="EventFlag" />
</note>
<note NOTEDUR="5" TUPLET="0" DOTS="0" ACCINFO="0" DURATION="0.125" PITCH="88.0" VELOCITY="0.5" HOLD="0.0" BEAMEDOUT="false" GLISSOUT="false" TIEDOUT="false" ACCPREF="0" ACCVISPOLICY="0" ALTENHARMONIC="false" DYN="0" SLUROUT="false" ISGRACENOTE="false" WEDGE="none" OTTAVA="none" MARK="0" TEXTOFFSETX="0" TEXTOFFSETY="0" NOTEHEAD="0" VISIBLE="true" NOTEHEADVISIBLE="true" STEMVISIBLE="true" OVERRIDELEVEL="-1" ISOVERRIDELEVEL="false" STEMINFOOVERRIDE="false" STEMINFO="2" TEXT="" >
<dim index="4" value="0.0" name="EventFlag" />
</note>
<note NOTEDUR="5" TUPLET="0" DOTS="0" ACCINFO="0" DURATION="0.125" PITCH="88.0" VELOCITY="0.5" HOLD="0.0" BEAMEDOUT="true" GLISSOUT="false" TIEDOUT="false" ACCPREF="0" ACCVISPOLICY="0" ALTENHARMONIC="false" DYN="0" SLUROUT="false" ISGRACENOTE="false" WEDGE="none" OTTAVA="none" MARK="0" TEXTOFFSETX="0" TEXTOFFSETY="0" NOTEHEAD="0" VISIBLE="true" NOTEHEADVISIBLE="true" STEMVISIBLE="true" OVERRIDELEVEL="-1" ISOVERRIDELEVEL="false" STEMINFOOVERRIDE="false" STEMINFO="2" TEXT="" >
<dim index="4" value="0.0" name="EventFlag" />
</note>
<note NOTEDUR="5" TUPLET="0" DOTS="0" ACCINFO="0" DURATION="0.125" PITCH="88.0" VELOCITY="0.5" HOLD="0.0" BEAMEDOUT="true" GLISSOUT="false" TIEDOUT="false" ACCPREF="0" ACCVISPOLICY="0" ALTENHARMONIC="false" DYN="0" SLUROUT="false" ISGRACENOTE="false" WEDGE="none" OTTAVA="none" MARK="0" TEXTOFFSETX="0" TEXTOFFSETY="0" NOTEHEAD="0" VISIBLE="true" NOTEHEADVISIBLE="true" STEMVISIBLE="true" OVERRIDELEVEL="-1" ISOVERRIDELEVEL="false" STEMINFOOVERRIDE="false" STEMINFO="2" TEXT="" >
<dim index="4" value="0.0" name="EventFlag" />
</note>
<note NOTEDUR="5" TUPLET="0" DOTS="0" ACCINFO="0" DURATION="0.125" PITCH="88.0" VELOCITY="0.5" HOLD="0.0" BEAMEDOUT="true" GLISSOUT="false" TIEDOUT="false" ACCPREF="0" ACCVISPOLICY="0" ALTENHARMONIC="false" DYN="0" SLUROUT="false" ISGRACENOTE="false" WEDGE="none" OTTAVA="none" MARK="0" TEXTOFFSETX="0" TEXTOFFSETY="0" NOTEHEAD="0" VISIBLE="true" NOTEHEADVISIBLE="true" STEMVISIBLE="true" OVERRIDELEVEL="-1" ISOVERRIDELEVEL="false" STEMINFOOVERRIDE="false" STEMINFO="2" TEXT="" >
<dim index="4" value="0.0" name="EventFlag" />
</note>
<note NOTEDUR="5" TUPLET="0" DOTS="0" ACCINFO="0" DURATION="0.125" PITCH="88.0" VELOCITY="0.5" HOLD="0.0" BEAMEDOUT="false" GLISSOUT="false" TIEDOUT="false" ACCPREF="0" ACCVISPOLICY="0" ALTENHARMONIC="false" DYN="0" SLUROUT="false" ISGRACENOTE="false" WEDGE="none" OTTAVA="none" MARK="0" TEXTOFFSETX="0" TEXTOFFSETY="0" NOTEHEAD="0" VISIBLE="true" NOTEHEADVISIBLE="true" STEMVISIBLE="true" OVERRIDELEVEL="-1" ISOVERRIDELEVEL="false" STEMINFOOVERRIDE="false" STEMINFO="2" TEXT="" >
<dim index="4" value="0.0" name="EventFlag" />
</note>
</track>
<track INDEX="1" >
</track>
</staff>
</measure>
<measure WIDTH="1423" WIDTHSETBYHAND="false" TIMESIG="6 8" TIMESIGSETBYHAND="false" TEMPO="60.0" TEMPOSETBYHAND="false" REPEATSTART="false" REPEATEND="false" NUMREPEATS="1" BARLINE="SINGLE" MEASURETEXT="" MEASURETEXTX="48" MEASURETEXTY="48" >
<staff INDEX="0" CLEF="0" CLEFSETBYHAND="false" INSTRUMENTINDEX="0" INSINDEXSETBYHAND="false" KEYSIGTYPE="0" KEYSIGNUMACC="0" KEYSIGSETBYHAND="false" EXTENDEDLINESABOVE="0" EXTENDEDLINESBELOW="0" >
<track INDEX="0" >
</track>
<track INDEX="1" >
</track>
</staff>
<staff INDEX="1" CLEF="0" CLEFSETBYHAND="false" INSTRUMENTINDEX="1" INSINDEXSETBYHAND="false" KEYSIGTYPE="0" KEYSIGNUMACC="0" KEYSIGSETBYHAND="false" EXTENDEDLINESABOVE="0" EXTENDEDLINESBELOW="0" >
<track INDEX="0" >
<note NOTEDUR="3" TUPLET="0" DOTS="0" ACCINFO="0" DURATION="0.5" PITCH="88.0" VELOCITY="0.5" HOLD="0.0" BEAMEDOUT="false" GLISSOUT="false" TIEDOUT="false" ACCPREF="0" ACCVISPOLICY="0" ALTENHARMONIC="false" DYN="0" SLUROUT="false" ISGRACENOTE="false" WEDGE="none" OTTAVA="none" MARK="0" TEXTOFFSETX="0" TEXTOFFSETY="0" NOTEHEAD="0" VISIBLE="true" NOTEHEADVISIBLE="true" STEMVISIBLE="true" OVERRIDELEVEL="-1" ISOVERRIDELEVEL="false" STEMINFOOVERRIDE="false" STEMINFO="2" TEXT="" >
<dim index="4" value="0.0" name="EventFlag" />
</note>
<note NOTEDUR="3" TUPLET="0" DOTS="0" ACCINFO="0" DURATION="0.5" PITCH="88.0" VELOCITY="0.5" HOLD="0.0" BEAMEDOUT="false" GLISSOUT="false" TIEDOUT="false" ACCPREF="0" ACCVISPOLICY="0" ALTENHARMONIC="false" DYN="0" SLUROUT="false" ISGRACENOTE="false" WEDGE="none" OTTAVA="none" MARK="0" TEXTOFFSETX="0" TEXTOFFSETY="0" NOTEHEAD="0" VISIBLE="true" NOTEHEADVISIBLE="true" STEMVISIBLE="true" OVERRIDELEVEL="-1" ISOVERRIDELEVEL="false" STEMINFOOVERRIDE="false" STEMINFO="2" TEXT="" >
<dim index="4" value="0.0" name="EventFlag" />
</note>
<note NOTEDUR="5" TUPLET="0" DOTS="0" ACCINFO="0" DURATION="0.125" PITCH="76.0" VELOCITY="0.5" HOLD="0.0" BEAMEDOUT="true" GLISSOUT="false" TIEDOUT="false" ACCPREF="0" ACCVISPOLICY="0" ALTENHARMONIC="false" DYN="0" SLUROUT="false" ISGRACENOTE="false" WEDGE="none" OTTAVA="none" MARK="0" TEXTOFFSETX="0" TEXTOFFSETY="0" NOTEHEAD="0" VISIBLE="true" NOTEHEADVISIBLE="true" STEMVISIBLE="true" OVERRIDELEVEL="-1" ISOVERRIDELEVEL="false" STEMINFOOVERRIDE="false" STEMINFO="2" TEXT="" >
<dim index="4" value="0.0" name="EventFlag" />
</note>
<note NOTEDUR="5" TUPLET="0" DOTS="0" ACCINFO="0" DURATION="0.125" PITCH="76.0" VELOCITY="0.5" HOLD="0.0" BEAMEDOUT="true" GLISSOUT="false" TIEDOUT="false" ACCPREF="0" ACCVISPOLICY="0" ALTENHARMONIC="false" DYN="0" SLUROUT="false" ISGRACENOTE="false" WEDGE="none" OTTAVA="none" MARK="0" TEXTOFFSETX="0" TEXTOFFSETY="0" NOTEHEAD="0" VISIBLE="true" NOTEHEADVISIBLE="true" STEMVISIBLE="true" OVERRIDELEVEL="-1" ISOVERRIDELEVEL="false" STEMINFOOVERRIDE="false" STEMINFO="2" TEXT="" >
<dim index="4" value="0.0" name="EventFlag" />
</note>
<note NOTEDUR="5" TUPLET="0" DOTS="0" ACCINFO="0" DURATION="0.125" PITCH="76.0" VELOCITY="0.5" HOLD="0.0" BEAMEDOUT="true" GLISSOUT="false" TIEDOUT="false" ACCPREF="0" ACCVISPOLICY="0" ALTENHARMONIC="false" DYN="0" SLUROUT="false" ISGRACENOTE="false" WEDGE="none" OTTAVA="none" MARK="0" TEXTOFFSETX="0" TEXTOFFSETY="0" NOTEHEAD="0" VISIBLE="true" NOTEHEADVISIBLE="true" STEMVISIBLE="true" OVERRIDELEVEL="-1" ISOVERRIDELEVEL="false" STEMINFOOVERRIDE="false" STEMINFO="2" TEXT="" >
<dim index="4" value="0.0" name="EventFlag" />
</note>
<note NOTEDUR="5" TUPLET="0" DOTS="0" ACCINFO="0" DURATION="0.125" PITCH="76.0" VELOCITY="0.5" HOLD="0.0" BEAMEDOUT="false" GLISSOUT="false" TIEDOUT="false" ACCPREF="0" ACCVISPOLICY="0" ALTENHARMONIC="false" DYN="0" SLUROUT="false" ISGRACENOTE="false" WEDGE="none" OTTAVA="none" MARK="0" TEXTOFFSETX="0" TEXTOFFSETY="0" NOTEHEAD="0" VISIBLE="true" NOTEHEADVISIBLE="true" STEMVISIBLE="true" OVERRIDELEVEL="-1" ISOVERRIDELEVEL="false" STEMINFOOVERRIDE="false" STEMINFO="2" TEXT="" >
<dim index="4" value="0.0" name="EventFlag" />
</note>
<note NOTEDUR="5" TUPLET="0" DOTS="0" ACCINFO="0" DURATION="0.125" PITCH="76.0" VELOCITY="0.5" HOLD="0.0" BEAMEDOUT="true" GLISSOUT="false" TIEDOUT="false" ACCPREF="0" ACCVISPOLICY="0" ALTENHARMONIC="false" DYN="0" SLUROUT="false" ISGRACENOTE="false" WEDGE="none" OTTAVA="none" MARK="0" TEXTOFFSETX="0" TEXTOFFSETY="0" NOTEHEAD="0" VISIBLE="true" NOTEHEADVISIBLE="true" STEMVISIBLE="true" OVERRIDELEVEL="-1" ISOVERRIDELEVEL="false" STEMINFOOVERRIDE="false" STEMINFO="2" TEXT="" >
<dim index="4" value="0.0" name="EventFlag" />
</note>
<note NOTEDUR="5" TUPLET="0" DOTS="0" ACCINFO="0" DURATION="0.125" PITCH="76.0" VELOCITY="0.5" HOLD="0.0" BEAMEDOUT="true" GLISSOUT="false" TIEDOUT="false" ACCPREF="0" ACCVISPOLICY="0" ALTENHARMONIC="false" DYN="0" SLUROUT="false" ISGRACENOTE="false" WEDGE="none" OTTAVA="none" MARK="0" TEXTOFFSETX="0" TEXTOFFSETY="0" NOTEHEAD="0" VISIBLE="true" NOTEHEADVISIBLE="true" STEMVISIBLE="true" OVERRIDELEVEL="-1" ISOVERRIDELEVEL="false" STEMINFOOVERRIDE="false" STEMINFO="2" TEXT="" >
<dim index="4" value="0.0" name="EventFlag" />
</note>
<note NOTEDUR="5" TUPLET="0" DOTS="0" ACCINFO="0" DURATION="0.125" PITCH="76.0" VELOCITY="0.5" HOLD="0.0" BEAMEDOUT="true" GLISSOUT="false" TIEDOUT="false" ACCPREF="0" ACCVISPOLICY="0" ALTENHARMONIC="false" DYN="0" SLUROUT="false" ISGRACENOTE="false" WEDGE="none" OTTAVA="none" MARK="0" TEXTOFFSETX="0" TEXTOFFSETY="0" NOTEHEAD="0" VISIBLE="true" NOTEHEADVISIBLE="true" STEMVISIBLE="true" OVERRIDELEVEL="-1" ISOVERRIDELEVEL="false" STEMINFOOVERRIDE="false" STEMINFO="2" TEXT="" >
<dim index="4" value="0.0" name="EventFlag" />
</note>
<note NOTEDUR="5" TUPLET="0" DOTS="0" ACCINFO="0" DURATION="0.125" PITCH="76.0" VELOCITY="0.5" HOLD="0.0" BEAMEDOUT="false" GLISSOUT="false" TIEDOUT="false" ACCPREF="0" ACCVISPOLICY="0" ALTENHARMONIC="false" DYN="0" SLUROUT="false" ISGRACENOTE="false" WEDGE="none" OTTAVA="none" MARK="0" TEXTOFFSETX="0" TEXTOFFSETY="0" NOTEHEAD="0" VISIBLE="true" NOTEHEADVISIBLE="true" STEMVISIBLE="true" OVERRIDELEVEL="-1" ISOVERRIDELEVEL="false" STEMINFOOVERRIDE="false" STEMINFO="2" TEXT="" >
<dim index="4" value="0.0" name="EventFlag" />
</note>
<note NOTEDUR="5" TUPLET="9" DOTS="0" ACCINFO="0" DURATION="0.11111" PITCH="76.0" VELOCITY="0.5" HOLD="0.0" BEAMEDOUT="true" GLISSOUT="false" TIEDOUT="false" ACCPREF="0" ACCVISPOLICY="0" ALTENHARMONIC="false" DYN="0" SLUROUT="false" ISGRACENOTE="false" WEDGE="none" OTTAVA="none" MARK="0" TEXTOFFSETX="0" TEXTOFFSETY="0" NOTEHEAD="0" VISIBLE="true" NOTEHEADVISIBLE="true" STEMVISIBLE="true" OVERRIDELEVEL="-1" ISOVERRIDELEVEL="false" STEMINFOOVERRIDE="false" STEMINFO="2" TEXT="" >
<dim index="4" value="0.0" name="EventFlag" />
</note>
<note NOTEDUR="5" TUPLET="9" DOTS="0" ACCINFO="0" DURATION="0.11111" PITCH="76.0" VELOCITY="0.5" HOLD="0.0" BEAMEDOUT="true" GLISSOUT="false" TIEDOUT="false" ACCPREF="0" ACCVISPOLICY="0" ALTENHARMONIC="false" DYN="0" SLUROUT="false" ISGRACENOTE="false" WEDGE="none" OTTAVA="none" MARK="0" TEXTOFFSETX="0" TEXTOFFSETY="0" NOTEHEAD="0" VISIBLE="true" NOTEHEADVISIBLE="true" STEMVISIBLE="true" OVERRIDELEVEL="-1" ISOVERRIDELEVEL="false" STEMINFOOVERRIDE="false" STEMINFO="2" TEXT="" >
<dim index="4" value="0.0" name="EventFlag" />
</note>
<note NOTEDUR="5" TUPLET="9" DOTS="0" ACCINFO="0" DURATION="0.11111" PITCH="76.0" VELOCITY="0.5" HOLD="0.0" BEAMEDOUT="true" GLISSOUT="false" TIEDOUT="false" ACCPREF="0" ACCVISPOLICY="0" ALTENHARMONIC="false" DYN="0" SLUROUT="false" ISGRACENOTE="false" WEDGE="none" OTTAVA="none" MARK="0" TEXTOFFSETX="0" TEXTOFFSETY="0" NOTEHEAD="0" VISIBLE="true" NOTEHEADVISIBLE="true" STEMVISIBLE="true" OVERRIDELEVEL="-1" ISOVERRIDELEVEL="false" STEMINFOOVERRIDE="false" STEMINFO="2" TEXT="" >
<dim index="4" value="0.0" name="EventFlag" />
</note>
<note NOTEDUR="5" TUPLET="9" DOTS="0" ACCINFO="0" DURATION="0.11111" PITCH="76.0" VELOCITY="0.5" HOLD="0.0" BEAMEDOUT="true" GLISSOUT="false" TIEDOUT="false" ACCPREF="0" ACCVISPOLICY="0" ALTENHARMONIC="false" DYN="0" SLUROUT="false" ISGRACENOTE="false" WEDGE="none" OTTAVA="none" MARK="0" TEXTOFFSETX="0" TEXTOFFSETY="0" NOTEHEAD="0" VISIBLE="true" NOTEHEADVISIBLE="true" STEMVISIBLE="true" OVERRIDELEVEL="-1" ISOVERRIDELEVEL="false" STEMINFOOVERRIDE="false" STEMINFO="2" TEXT="" >
<dim index="4" value="0.0" name="EventFlag" />
</note>
<note NOTEDUR="5" TUPLET="9" DOTS="0" ACCINFO="0" DURATION="0.11111" PITCH="76.0" VELOCITY="0.5" HOLD="0.0" BEAMEDOUT="true" GLISSOUT="false" TIEDOUT="false" ACCPREF="0" ACCVISPOLICY="0" ALTENHARMONIC="false" DYN="0" SLUROUT="false" ISGRACENOTE="false" WEDGE="none" OTTAVA="none" MARK="0" TEXTOFFSETX="0" TEXTOFFSETY="0" NOTEHEAD="0" VISIBLE="true" NOTEHEADVISIBLE="true" STEMVISIBLE="true" OVERRIDELEVEL="-1" ISOVERRIDELEVEL="false" STEMINFOOVERRIDE="false" STEMINFO="2" TEXT="" >
<dim index="4" value="0.0" name="EventFlag" />
</note>
<note NOTEDUR="5" TUPLET="9" DOTS="0" ACCINFO="0" DURATION="0.11111" PITCH="76.0" VELOCITY="0.5" HOLD="0.0" BEAMEDOUT="true" GLISSOUT="false" TIEDOUT="false" ACCPREF="0" ACCVISPOLICY="0" ALTENHARMONIC="false" DYN="0" SLUROUT="false" ISGRACENOTE="false" WEDGE="none" OTTAVA="none" MARK="0" TEXTOFFSETX="0" TEXTOFFSETY="0" NOTEHEAD="0" VISIBLE="true" NOTEHEADVISIBLE="true" STEMVISIBLE="true" OVERRIDELEVEL="-1" ISOVERRIDELEVEL="false" STEMINFOOVERRIDE="false" STEMINFO="2" TEXT="" >
<dim index="4" value="0.0" name="EventFlag" />
</note>
<note NOTEDUR="5" TUPLET="9" DOTS="0" ACCINFO="0" DURATION="0.11111" PITCH="76.0" VELOCITY="0.5" HOLD="0.0" BEAMEDOUT="true" GLISSOUT="false" TIEDOUT="false" ACCPREF="0" ACCVISPOLICY="0" ALTENHARMONIC="false" DYN="0" SLUROUT="false" ISGRACENOTE="false" WEDGE="none" OTTAVA="none" MARK="0" TEXTOFFSETX="0" TEXTOFFSETY="0" NOTEHEAD="0" VISIBLE="true" NOTEHEADVISIBLE="true" STEMVISIBLE="true" OVERRIDELEVEL="-1" ISOVERRIDELEVEL="false" STEMINFOOVERRIDE="false" STEMINFO="2" TEXT="" >
<dim index="4" value="0.0" name="EventFlag" />
</note>
<note NOTEDUR="5" TUPLET="9" DOTS="0" ACCINFO="0" DURATION="0.11111" PITCH="76.0" VELOCITY="0.5" HOLD="0.0" BEAMEDOUT="true" GLISSOUT="false" TIEDOUT="false" ACCPREF="0" ACCVISPOLICY="0" ALTENHARMONIC="false" DYN="0" SLUROUT="false" ISGRACENOTE="false" WEDGE="none" OTTAVA="none" MARK="0" TEXTOFFSETX="0" TEXTOFFSETY="0" NOTEHEAD="0" VISIBLE="true" NOTEHEADVISIBLE="true" STEMVISIBLE="true" OVERRIDELEVEL="-1" ISOVERRIDELEVEL="false" STEMINFOOVERRIDE="false" STEMINFO="2" TEXT="" >
<dim index="4" value="0.0" name="EventFlag" />
</note>
<note NOTEDUR="5" TUPLET="9" DOTS="0" ACCINFO="0" DURATION="0.11111" PITCH="76.0" VELOCITY="0.5" HOLD="0.0" BEAMEDOUT="false" GLISSOUT="false" TIEDOUT="false" ACCPREF="0" ACCVISPOLICY="0" ALTENHARMONIC="false" DYN="0" SLUROUT="false" ISGRACENOTE="false" WEDGE="none" OTTAVA="none" MARK="0" TEXTOFFSETX="0" TEXTOFFSETY="0" NOTEHEAD="0" VISIBLE="true" NOTEHEADVISIBLE="true" STEMVISIBLE="true" OVERRIDELEVEL="-1" ISOVERRIDELEVEL="false" STEMINFOOVERRIDE="false" STEMINFO="2" TEXT="" >
<dim index="4" value="0.0" name="EventFlag" />
</note>
</track>
<track INDEX="1" >
</track>
</staff>
</measure>
<measure WIDTH="498" WIDTHSETBYHAND="false" TIMESIG="6 8" TIMESIGSETBYHAND="false" TEMPO="60.0" TEMPOSETBYHAND="false" REPEATSTART="false" REPEATEND="false" NUMREPEATS="1" BARLINE="SINGLE" MEASURETEXT="" MEASURETEXTX="48" MEASURETEXTY="48" >
<staff INDEX="0" CLEF="0" CLEFSETBYHAND="false" INSTRUMENTINDEX="0" INSINDEXSETBYHAND="false" KEYSIGTYPE="0" KEYSIGNUMACC="0" KEYSIGSETBYHAND="false" EXTENDEDLINESABOVE="0" EXTENDEDLINESBELOW="0" >
<track INDEX="0" >
</track>
<track INDEX="1" >
</track>
</staff>
<staff INDEX="1" CLEF="0" CLEFSETBYHAND="false" INSTRUMENTINDEX="1" INSINDEXSETBYHAND="false" KEYSIGTYPE="0" KEYSIGNUMACC="0" KEYSIGSETBYHAND="false" EXTENDEDLINESABOVE="0" EXTENDEDLINESBELOW="0" >
<track INDEX="0" >
<note NOTEDUR="4" TUPLET="5" DOTS="0" ACCINFO="0" DURATION="0.2" PITCH="76.0" VELOCITY="0.5" HOLD="0.0" BEAMEDOUT="true" GLISSOUT="false" TIEDOUT="false" ACCPREF="0" ACCVISPOLICY="0" ALTENHARMONIC="false" DYN="0" SLUROUT="false" ISGRACENOTE="false" WEDGE="none" OTTAVA="none" MARK="0" TEXTOFFSETX="0" TEXTOFFSETY="0" NOTEHEAD="0" VISIBLE="true" NOTEHEADVISIBLE="true" STEMVISIBLE="true" OVERRIDELEVEL="-1" ISOVERRIDELEVEL="false" STEMINFOOVERRIDE="false" STEMINFO="2" TEXT="" >
<dim index="4" value="0.0" name="EventFlag" />
</note>
<note NOTEDUR="4" TUPLET="5" DOTS="0" ACCINFO="0" DURATION="0.2" PITCH="76.0" VELOCITY="0.5" HOLD="0.0" BEAMEDOUT="true" GLISSOUT="false" TIEDOUT="false" ACCPREF="0" ACCVISPOLICY="0" ALTENHARMONIC="false" DYN="0" SLUROUT="false" ISGRACENOTE="false" WEDGE="none" OTTAVA="none" MARK="0" TEXTOFFSETX="0" TEXTOFFSETY="0" NOTEHEAD="0" VISIBLE="true" NOTEHEADVISIBLE="true" STEMVISIBLE="true" OVERRIDELEVEL="-1" ISOVERRIDELEVEL="false" STEMINFOOVERRIDE="false" STEMINFO="2" TEXT="" >
<dim index="4" value="0.0" name="EventFlag" />
</note>
<note NOTEDUR="4" TUPLET="5" DOTS="0" ACCINFO="0" DURATION="0.2" PITCH="76.0" VELOCITY="0.5" HOLD="0.0" BEAMEDOUT="true" GLISSOUT="false" TIEDOUT="false" ACCPREF="0" ACCVISPOLICY="0" ALTENHARMONIC="false" DYN="0" SLUROUT="false" ISGRACENOTE="false" WEDGE="none" OTTAVA="none" MARK="0" TEXTOFFSETX="0" TEXTOFFSETY="0" NOTEHEAD="0" VISIBLE="true" NOTEHEADVISIBLE="true" STEMVISIBLE="true" OVERRIDELEVEL="-1" ISOVERRIDELEVEL="false" STEMINFOOVERRIDE="false" STEMINFO="2" TEXT="" >
<dim index="4" value="0.0" name="EventFlag" />
</note>
<note NOTEDUR="4" TUPLET="5" DOTS="0" ACCINFO="0" DURATION="0.2" PITCH="76.0" VELOCITY="0.5" HOLD="0.0" BEAMEDOUT="true" GLISSOUT="false" TIEDOUT="false" ACCPREF="0" ACCVISPOLICY="0" ALTENHARMONIC="false" DYN="0" SLUROUT="false" ISGRACENOTE="false" WEDGE="none" OTTAVA="none" MARK="0" TEXTOFFSETX="0" TEXTOFFSETY="0" NOTEHEAD="0" VISIBLE="true" NOTEHEADVISIBLE="true" STEMVISIBLE="true" OVERRIDELEVEL="-1" ISOVERRIDELEVEL="false" STEMINFOOVERRIDE="false" STEMINFO="2" TEXT="" >
<dim index="4" value="0.0" name="EventFlag" />
</note>
<note NOTEDUR="4" TUPLET="5" DOTS="0" ACCINFO="0" DURATION="0.2" PITCH="76.0" VELOCITY="0.5" HOLD="0.0" BEAMEDOUT="false" GLISSOUT="false" TIEDOUT="false" ACCPREF="0" ACCVISPOLICY="0" ALTENHARMONIC="false" DYN="0" SLUROUT="false" ISGRACENOTE="false" WEDGE="none" OTTAVA="none" MARK="0" TEXTOFFSETX="0" TEXTOFFSETY="0" NOTEHEAD="0" VISIBLE="true" NOTEHEADVISIBLE="true" STEMVISIBLE="true" OVERRIDELEVEL="-1" ISOVERRIDELEVEL="false" STEMINFOOVERRIDE="false" STEMINFO="2" TEXT="" >
<dim index="4" value="0.0" name="EventFlag" />
</note>
</track>
<track INDEX="1" >
</track>
</staff>
</measure>
<scoreUserBean CLASSNAME="com.algomusic.max.MaxScoreRenderedMessageListener" >
</scoreUserBean>
</score>
</jmslscoredoc>
